-- phpMyAdmin SQL Dump
-- version 4.8.5
-- https://www.phpmyadmin.net/
--
-- Host: 127.0.0.1
-- Generation Time: Jul 09, 2023 at 07:48 AM
-- Server version: 10.1.38-MariaDB
-- PHP Version: 5.6.40

SET SQL_MODE = "NO_AUTO_VALUE_ON_ZERO";
SET AUTOCOMMIT = 0;
START TRANSACTION;
SET time_zone = "+00:00";


CREATE TABLE useractivities(
    LogID INT AUTO_INCREMENT PRIMARY KEY,
    SteamID VARCHAR(50) NOT NULL,
    UserName VARCHAR(100),
    UserIP VARCHAR(15),
    LogDate DATE,
    LogTime TIME,
    Activity VARCHAR(255),
    Notes TEXT
);

/*!40101 SET @OLD_CHARACTER_SET_CLIENT=@@CHARACTER_SET_CLIENT */;
/*!40101 SET @OLD_CHARACTER_SET_RESULTS=@@CHARACTER_SET_RESULTS */;
/*!40101 SET @OLD_COLLATION_CONNECTION=@@COLLATION_CONNECTION */;
/*!40101 SET NAMES utf8mb4 */;

--
-- Database: `stmserver`
--
CREATE DATABASE IF NOT EXISTS `stmserver` DEFAULT CHARACTER SET utf8 COLLATE utf8_general_ci;
USE `stmserver`;

-- --------------------------------------------------------

--
-- Table structure for table `accountexternalbillinginforecord`
--

CREATE TABLE `accountexternalbillinginforecord` (
  `UniqueID` int(11) NOT NULL,
  `ExternalAccountName` varchar(256) DEFAULT NULL,
  `ExternalAccountPassword` varchar(256) DEFAULT NULL
) ENGINE=MyISAM DEFAULT CHARSET=utf8;

-- --------------------------------------------------------

--
-- Table structure for table `accountpaymentcardreceiptrecord`
--

CREATE TABLE `accountpaymentcardreceiptrecord` (
  `recordID` int(11) NOT NULL,
  `PaymentCardTypeID` int(11) DEFAULT NULL,
  `CardNumber` varchar(255) DEFAULT NULL,
  `CardHolderName` varchar(255) DEFAULT NULL,
  `field4` varchar(255) DEFAULT NULL,
  `field5` varchar(255) DEFAULT NULL,
  `field6` varchar(255) DEFAULT NULL,
  `BillingAddress1` varchar(255) DEFAULT NULL,
  `BillingAddress2` varchar(255) DEFAULT NULL,
  `BillingCity` varchar(255) DEFAULT NULL,
  `BillingZip` varchar(255) DEFAULT NULL,
  `BillingState` varchar(255) DEFAULT NULL,
  `BillingCountry` varchar(255) DEFAULT NULL,
  `CCApprovalCode` varchar(255) DEFAULT NULL,
  `PriceBeforeTax` decimal(10,2) DEFAULT NULL,
  `TaxAmount` decimal(10,2) DEFAULT NULL,
  `TransDate` date DEFAULT NULL,
  `TransTime` time DEFAULT NULL,
  `AStoBBSTxnId` varchar(255) DEFAULT NULL,
  `ShippingCost` decimal(10,2) DEFAULT NULL
) ENGINE=MyISAM DEFAULT CHARSET=utf8;

-- --------------------------------------------------------

--
-- Table structure for table `accountprepurchasedinforecord`
--

CREATE TABLE `accountprepurchasedinforecord` (
  `UniqueID` int(11) NOT NULL,
  `TypeOfProofOfPurchase` varchar(45) DEFAULT NULL,
  `BinaryProofOfPurchaseToken` varchar(45) DEFAULT NULL,
  `TokenRejectionReason` varchar(45) DEFAULT NULL,
  `AStoBBSTxnId` varchar(45) DEFAULT NULL,
  `SubsId` varchar(45) DEFAULT NULL,
  `AcctName` varchar(45) DEFAULT NULL,
  `CustSupportName` varchar(45) DEFAULT NULL
) ENGINE=MyISAM DEFAULT CHARSET=utf8;

-- --------------------------------------------------------

--
-- Table structure for table `accountsubscriptionsbillinginforecord`
--

CREATE TABLE `accountsubscriptionsbillinginforecord` (
  `UniqueID` int(11) NOT NULL,
  `UserRegistry_UniqueID` int(11) NOT NULL,
  `Subscriptionid` varchar(45) CHARACTER SET utf8 COLLATE utf8_bin NOT NULL,
  `AccountPaymentCardInfoRecord` varchar(45) CHARACTER SET utf8 COLLATE utf8_bin NOT NULL,
  `AccountPrepurchasedInfoRecord_UniqueID1` int(11) NOT NULL,
  `AccountExternalBillingInfoRecord_UniqueID` int(11) NOT NULL,
  `AccountPaymentCardReceiptRecord_recordID` int(11) NOT NULL
) ENGINE=MyISAM DEFAULT CHARSET=utf8;

-- --------------------------------------------------------

--
-- Table structure for table `accountsubscriptionsrecord`
--

CREATE TABLE `accountsubscriptionsrecord` (
  `UniqueID` int(11) NOT NULL,
  `UserRegistry_UniqueID` int(11) NOT NULL,
  `SubscriptionID` varchar(45) CHARACTER SET utf8 COLLATE utf8_bin NOT NULL,
  `SubscribedDate` varchar(45) CHARACTER SET utf8 COLLATE utf8_bin NOT NULL DEFAULT 'e0 e0 e0 e0 e0 e0 e0 00',
  `UnsubscribedDate` varchar(45) CHARACTER SET utf8 COLLATE utf8_bin DEFAULT '00 00 00 00 00 00 00 00',
  `SubscriptionStatus` varchar(45) CHARACTER SET utf8 COLLATE utf8_bin NOT NULL DEFAULT '01 00',
  `StatusChangeFlag` varchar(45) CHARACTER SET utf8 COLLATE utf8_bin NOT NULL DEFAULT '00',
  `PreviousSubscriptionState` varchar(45) CHARACTER SET utf8 COLLATE utf8_bin NOT NULL DEFAULT '1f 00'
) ENGINE=MyISAM DEFAULT CHARSET=utf8;

-- --------------------------------------------------------

--
-- Table structure for table `ccardtype`
--

CREATE TABLE `ccardtype` (
  `uniqueid` int(11) NOT NULL,
  `card_type` varchar(255) DEFAULT NULL
) ENGINE=MyISAM DEFAULT CHARSET=utf8;

--
-- Dumping data for table `ccardtype`
--

INSERT INTO `ccardtype` (`uniqueid`, `card_type`) VALUES
(1, 'Visa'),
(2, 'Master'),
(3, 'AmericanExpress'),
(4, 'Discover'),
(5, 'DinnersClub'),
(6, 'JCB');

-- --------------------------------------------------------

--
-- Table structure for table `custsupportaccountrecord`
--

CREATE TABLE `custsupportaccountrecord` (
  `UniqueID` int(11) NOT NULL,
  `AccountSubscriptionsRecord_UniqueID` int(11) NOT NULL,
  `UserRegistry_UniqueID` int(11) NOT NULL,
  `AccountStatus` varchar(45) DEFAULT NULL
) ENGINE=MyISAM DEFAULT CHARSET=utf8;

-- --------------------------------------------------------

--
-- Table structure for table `derivedsubscribedappsrecord`
--

CREATE TABLE `derivedsubscribedappsrecord` (
  `UniqueID` int(11) NOT NULL,
  `UserRegistry_UniqueID` int(11) NOT NULL,
  `AppID` int(11) DEFAULT NULL,
  `Field2` varchar(45) DEFAULT NULL
) ENGINE=MyISAM DEFAULT CHARSET=utf8;

-- --------------------------------------------------------

--
-- Table structure for table `steamapplications`
--

CREATE TABLE `steamapplications` (
  `AppID` int(11) NOT NULL,
  `Name` varchar(256) NOT NULL
) ENGINE=MyISAM DEFAULT CHARSET=utf8;

--
-- Dumping data for table `steamapplications`
--

INSERT INTO `steamapplications` (`AppID`, `Name`) VALUES
(0, 'Base Goldsrc Shared Binaries'),
(1, 'Base Goldsrc Shared Content'),
(2, 'Base Goldsrc Shared Content Localized'),
(3, 'Base Goldsrc Shared Platform [APP]'),
(4, 'Base Goldsrc Shared Linux [APP]'),
(5, 'Dedicated Server [APP]'),
(6, 'Base Goldsrc LV'),
(7, 'winui [APP]'),
(8, 'winui2 [APP]'),
(10, 'Counter-Strike [APP]'),
(11, 'Counter-Strike Base Content'),
(12, 'Counter-Strike French'),
(13, 'Counter-Strike Italian'),
(14, 'Counter-Strike German'),
(15, 'Counter-Strike Spanish'),
(16, 'Counter-Strike Korean'),
(17, 'Counter-Strike sChinese'),
(18, 'Counter-Strike Koreana'),
(19, 'Counter-Strike tChinese'),
(20, 'Team Fortress Classic [APP]'),
(21, 'Team Fortress Classic Base Content'),
(22, 'Team Fortress Classic French'),
(23, 'Team Fortress Classic Italian'),
(24, 'Team Fortress Classic German'),
(25, 'Team Fortress Classic Spanish'),
(30, 'Day of Defeat [APP]'),
(31, 'Day of Defeat Base Content'),
(32, 'Day of Defeat French'),
(33, 'Day of Defeat Italian'),
(34, 'Day of Defeat German'),
(35, 'Day of Defeat Spanish'),
(40, 'Deathmatch Classic [APP]'),
(41, 'Deathmatch Classic Base Content'),
(42, 'Deathmatch Classic French'),
(43, 'Deathmatch Classic Italian'),
(44, 'Deathmatch Classic German'),
(45, 'Deathmatch Classic Spanish'),
(50, 'Opposing Force [APP]'),
(51, 'Opposing Force Base Content'),
(52, 'Opposing Force German'),
(53, 'Opposing Force French'),
(56, 'Opposing Force Korean'),
(60, 'Ricochet [APP]'),
(61, 'Ricochet Base Content'),
(62, 'Ricochet French'),
(63, 'Ricochet Italian'),
(64, 'Ricochet German'),
(65, 'Ricochet Spanish'),
(70, 'Half-Life [APP]'),
(72, 'Half-Life French'),
(73, 'Half-Life Italian'),
(74, 'Half-Life German'),
(75, 'Half-Life Spanish'),
(76, 'Half-Life Korean'),
(77, 'Half-Life sChinese'),
(78, 'Half-Life Koreana'),
(79, 'Half-Life tChinese'),
(80, 'Condition Zero [APP]'),
(81, 'Condition Zero Base Content'),
(82, 'Condition Zero French'),
(83, 'Condition Zero Italian'),
(84, 'Condition Zero German'),
(85, 'Condition Zero Spanish'),
(86, 'Condition Zero Korean'),
(87, 'Condition Zero sChinese'),
(88, 'Condition Zero Koreana'),
(89, 'Condition Zero tChinese'),
(92, 'Codename Gordon [APP]'),
(95, 'Condition Zero Models'),
(96, 'Half-Life High Definition'),
(100, 'Condition Zero Deleted Scenes [APP]'),
(101, 'Condition Zero Deleted Scenes Base Content'),
(102, 'Condition Zero Deleted Scenes Models'),
(103, 'Condition Zero Deleted Scenes Sounds'),
(104, 'Condition Zero Deleted Scenes French'),
(105, 'Condition Zero Deleted Scenes Italian'),
(106, 'Condition Zero Deleted Scenes German'),
(107, 'Condition Zero Deleted Scenes Spanish'),
(108, 'Condition Zero Deleted Scenes Korean'),
(109, 'Condition Zero Deleted Scenes sChinese'),
(110, 'Condition Zero Deleted Scenes Koreana'),
(111, 'Condition Zero Deleted Scenes tChinese'),
(120, 'Valve Test App 120 [APP]'),
(130, 'Half-Life: Blue Shift [APP]'),
(131, 'Half-Life: Blue Shift French'),
(132, 'Half-Life: Blue Shift German'),
(200, 'Base Source Shared'),
(201, 'Base Source Shared 64-bit'),
(202, 'SourceInit'),
(203, 'Source Shared Securom'),
(204, 'Source Dedicated Server Linux [APP]'),
(205, 'Source Dedicated Server [APP]'),
(206, 'Base Source Shared Materials'),
(207, 'Base Source Shared Models'),
(208, 'Base Source Shared Sounds'),
(209, 'Source LV'),
(211, 'Source SDK [APP]'),
(212, 'Base Source Engine 2'),
(213, 'Episode 1 Shared'),
(215, 'Source SDK Base [APP]'),
(216, 'Source 2007 Binaries'),
(219, 'Half-Life 2: Demo [APP]'),
(220, 'Half-Life 2 [APP]'),
(221, 'Half-Life 2 Base Content'),
(223, 'Half-Life 2 French'),
(224, 'Half-Life 2 Italian'),
(225, 'Half-Life 2 German'),
(226, 'Half-Life 2 Spanish'),
(227, 'Half-Life 2 sChinese'),
(228, 'Half-Life 2 Korean'),
(229, 'Half-Life 2 Koreana'),
(230, 'Half-Life 2 tChinese'),
(231, 'Half-Life 2 Japanese'),
(232, 'Half-Life 2 Russian'),
(233, 'Half-Life 2 Thai'),
(234, 'Half-Life 2 Portuguese'),
(235, 'Half-Life 2: Buka Russian'),
(236, 'Half-Life 2 Game Dialog'),
(240, 'Counter-Strike: Source [APP]'),
(241, 'Counter-Strike Source Base Content'),
(242, 'Counter-Strike Source Shared Content'),
(243, 'Counter-Strike: Source French'),
(244, 'Counter-Strike: Source Italian'),
(245, 'Counter-Strike: Source German'),
(246, 'Counter-Strike: Source Spanish'),
(247, 'Counter-Strike: Source SChinese'),
(248, 'Counter-Strike: Source Korean'),
(249, 'Counter-Strike: Source Koreana'),
(250, 'Counter-Strike: Source TChinese'),
(251, 'Counter-Strike: Source Japanese'),
(252, 'Counter-Strike: Source Russian'),
(253, 'Counter-Strike: Source Thai'),
(280, 'Half-Life: Source [APP]'),
(281, 'Half-Life 1 Source'),
(283, 'Half-Life: Source French'),
(284, 'Half-Life: Source Italian'),
(285, 'Half-Life: Source German'),
(286, 'Half-Life: Source Spanish'),
(287, 'Half-Life: Source sChinese'),
(288, 'Half-Life: Source Korean'),
(289, 'Half-Life: Source Koreana'),
(290, 'Half-Life: Source tChinese'),
(291, 'Half-Life: Source Japanese'),
(292, 'Half-Life: Source Russian'),
(293, 'Half-Life: Source Thai'),
(300, 'Day of Defeat: Source [APP]'),
(301, 'Day of Defeat Source Base Content'),
(305, 'Source 2007 Shared Materials'),
(306, 'Source 2007 Shared Models'),
(307, 'Source 2007 Shared Sounds'),
(310, 'Team Fortress 2 Dedicated Server [APP]'),
(311, 'Team Fortress 2 Linux Dedicated Server [APP]'),
(320, 'Half-Life 2: Deathmatch [APP]'),
(321, 'Half-Life 2 Deathmatch'),
(340, 'Half-Life 2: Lost Coast [APP]'),
(341, 'LostCoast Content'),
(342, 'Half-Life 2: Lost Coast French'),
(343, 'Half-Life 2: Lost Coast German'),
(344, 'Half-Life 2: Lost Coast Italian'),
(345, 'Half-Life 2: Lost Coast Korean'),
(346, 'Half-Life 2: Lost Coast Koreana'),
(347, 'Half-Life 2: Lost Coast Russian'),
(348, 'Half-Life 2: Lost Coast SChinese'),
(349, 'Half-Life 2: Lost Coast Spanish'),
(350, 'Half-Life 2: Lost Coast TChinese'),
(360, 'Half-Life Deathmatch: Source [APP]'),
(363, 'Half-Life Source: Deathmatch client'),
(380, 'Half-Life 2: Episode One [APP]'),
(381, 'Half-Life 2: Episode One'),
(382, 'Half-Life 2: Episode One French'),
(383, 'Half-Life 2: Episode One German'),
(384, 'Half-Life 2: Episode One Italian'),
(385, 'Half-Life 2: Episode One Korean'),
(386, 'Half-Life 2: Episode One Koreana'),
(387, 'Half-Life 2: Episode One Russian'),
(388, 'Half-Life 2: Episode One schinese'),
(389, 'Half-Life 2: Episode One spanish'),
(390, 'Half-Life 2: Episode One tchinese'),
(400, 'Portal [APP]'),
(420, 'Half-Life 2: Episode Two [APP]'),
(440, 'Team Fortress 2 [APP]'),
(441, 'Team Fortress 2 Content'),
(442, 'Team Fortress 2 Materials'),
(443, 'Team Fortress 2 Client Content'),
(900, 'Zombie Movie [APP]'),
(901, 'Day of Defeat: Prelude to Victory [APP]'),
(902, 'Dangerous Waters Trailer [APP]'),
(903, 'Darwinia Trailer [APP]'),
(904, 'Half-Life 2 Trailer [APP]'),
(905, 'Half-Life 2: Episode One Trailer [APP]'),
(906, 'Rag Doll Kung Fu Trailer [APP]'),
(907, 'Red Orchestra Trailer [APP]'),
(908, 'Shadowgrounds Trailer [APP]'),
(909, 'Sin Episodes: Emergence Trailer [APP]'),
(910, 'Media Player'),
(912, 'Half-Life 2: Episode One Launch Teaser 1 [APP]'),
(913, 'Half-Life 2: Episode One Launch Teaser 2 [APP]'),
(914, 'Half-Life 2: Episode One Launch Teaser 3 [APP]'),
(915, 'Half-Life 2: Episode One Launch Teaser 4 [APP]'),
(916, 'Half-Life 2: Episode Two Trailer [APP]'),
(917, 'Day of Defeat: Jagd Trailer [APP]'),
(918, 'Day of Defeat: Colmar Trailer [APP]'),
(919, 'Dark Messiah: Warrior [APP]'),
(920, 'Dark Messiah: Assassin [APP]'),
(921, 'Dark Messiah: Wizard [APP]'),
(922, 'Portal Trailer [APP]'),
(923, 'Team Fortress 2 Trailer [APP]'),
(924, 'Red Orchestra Infantry Tutorial [APP]'),
(925, 'Red Orchestra Vehicle Tutorial [APP]'),
(926, 'Red Orchestra Lyes Krovy Trailer [APP]'),
(927, 'GTI Racing Trailer [APP]'),
(928, 'SourceForts Trailer [APP]'),
(929, 'Uplink Trailer [APP]'),
(930, 'Half-Life 2: Episode Two Trailer 2 [APP]'),
(931, 'Team Fortress 2 Trailer 2 [APP]'),
(932, 'Half-Life 2: Episode Two Gameplay Movie 1 [APP]'),
(933, 'Half-Life 2: Episode Two Gameplay Movie 2 [APP]'),
(934, 'Half-Life 2: Episode Two Gameplay Movie 3 [APP]'),
(935, 'Dark Messiah Gameplay Trailer [APP]'),
(936, 'Half-Life 2: Episode Two Gameplay Movie 4 [APP]'),
(937, 'Half-Life 2: Episode Two Gameplay Movie 5 [APP]'),
(938, 'City Life Trailer [APP]'),
(939, 'X3: Reunion Trailer [APP]'),
(940, 'Dark Messiah Launch Trailer [APP]'),
(941, 'Red Orchestra Fall Update Trailer [APP]'),
(942, 'Heroes of Annihilated Empires Trailer [APP]'),
(943, 'Prey Trailer [APP]'),
(944, 'Left4Dead Teaser [APP]'),
(945, 'X3: Reunion 2.0 Trailer [APP]'),
(946, 'Gumboy Crazy Adventures Trailer [APP]'),
(947, 'Eets Trailer [APP]'),
(948, 'Silverfall Trailer [APP]'),
(949, 'Joint Task Force Trailer [APP]'),
(950, 'Hitman: Blood Money Trailer [APP]'),
(951, 'Just Cause Trailer [APP]'),
(953, 'TrackMania United Trailer [APP]'),
(954, 'Runaway, The Dream of The Turtle Trailer [APP]'),
(955, 'Battlestations: Midway Trailer [APP]'),
(956, 'Project: Snowblind Trailer [APP]'),
(957, 'Tomb Raider: Legend Trailer [APP]'),
(958, 'Infernal Trailer [APP]'),
(959, 'Infernal Trailer 1 [APP]'),
(960, 'Team Fortress 2: Meet the Heavy [APP]'),
(961, 'Red Orchestra June 07 New Content Trailer [APP]'),
(962, 'Tomb Raider: Anniversary Trailer [APP]'),
(963, 'TrackMania United Webisode 1: Coppers [APP]'),
(964, 'TrackMania United Webisode 2: Manialinks [APP]'),
(965, 'TrackMania United Webisode 3: Maniazones [APP]'),
(966, 'TrackMania United Webisode 4: Singleplayer [APP]'),
(967, 'TrackMania United Webisode 5: Multiplayer [APP]'),
(968, 'Sam and Max: Episode 1 Trailer [APP]'),
(969, 'Sam and Max: Episode 2 Trailer [APP]'),
(970, 'Sam and Max: Episode 3 Trailer [APP]'),
(971, 'Sam and Max: Episode 4 Trailer [APP]'),
(972, 'Sam and Max: Episode 5 Trailer [APP]'),
(973, 'Sam and Max: Episode 6 Trailer [APP]'),
(974, 'Lost Planet: Extreme Condition Trailer [APP]'),
(975, 'Kane and Lynch Trailer 2 [APP]'),
(976, 'Kane and Lynch Trailer [APP]'),
(977, 'ThreadSpace: Hyperbol Trailer [APP]'),
(978, 'Titan Quest: Immortal Throne Trailer [APP]'),
(979, 'STALKER: Shadow of Chernobyl Trailer [APP]'),
(980, 'SpaceForce: Rogue Universe Trailer [APP]'),
(981, 'Civilization IV: Beyond the Sword Trailer [APP]'),
(982, 'Gish Trailer [APP]'),
(984, 'Bioshock Trailer [APP]'),
(985, 'Team Fortress 2: Meet The Soldier [APP]'),
(986, 'Race07 Trailer [APP]'),
(987, 'Team Fortress 2: Meet The Engineer [APP]'),
(988, 'Kane and Lynch Trailer 3 [APP]'),
(990, 'Enemy Territory: QUAKE Wars Trailer [APP]'),
(1000, 'Rag Doll Kung Fu'),
(1002, 'Rag Doll Kung Fu [APP]'),
(1003, 'Rag Doll Kung Fu Demo [APP]'),
(1200, 'Red Orchestra [APP]'),
(1201, 'RedOrchestraCommon'),
(1202, 'RedOrchestraClient'),
(1203, 'Red Orchestra Windows Dedicated Server'),
(1204, 'Red Orchestra Linux Dedicated Server'),
(1205, 'Red Orchestra French'),
(1206, 'Red Orchestra Russian'),
(1207, 'Red Orchestra Italian'),
(1208, 'Red Orchestra Spanish'),
(1209, 'Red Orchestra Polish'),
(1210, 'Red Orchestra Beta [APP]'),
(1211, 'ROBetaCommon'),
(1212, 'ROBetaClient'),
(1220, 'RedOrchestra SDK Beta [APP]'),
(1221, 'RedOrchestraSDK1'),
(1222, 'RedOrchestraSDK2'),
(1300, 'SiN Episodes: Emergence [APP]'),
(1301, 'SinEpisodes Materials'),
(1302, 'SinEpisodes Models'),
(1303, 'SinEpisodes Sounds'),
(1304, 'SinEpisodes Core'),
(1305, 'SinEpisodes Emergence'),
(1308, 'SinEpisodes Arena'),
(1309, 'SiN 1 Multiplayer [APP]'),
(1311, 'SiN 1 Content'),
(1312, 'SiN 1 French'),
(1313, 'SiN 1 [APP]'),
(1314, 'SiN 1 DS'),
(1315, 'SiN Episodes: Emergence Russian'),
(1316, 'SinEpisodes Unabridged'),
(1317, 'Sin Episodes SDK [APP]'),
(1318, 'SinEpisodes SDK [APP]'),
(1320, 'SiN Episodes: Emergence [APP]'),
(1500, 'Darwinia [APP]'),
(1501, 'Darwinia'),
(1502, 'Darwinia Demo [APP]'),
(1503, 'Darwinia Demo'),
(1510, 'Uplink [APP]'),
(1511, 'Uplink Content'),
(1520, 'Defcon [APP]'),
(1521, 'Defcon Content'),
(1522, 'Defcon Demo [APP]'),
(1523, 'Defcon Beta Demo [APP]'),
(1524, 'Defcon Beta Content'),
(1525, 'Defcon Beta [APP]'),
(1600, 'Dangerous Waters [APP]'),
(1601, 'Dangerous Waters'),
(1610, 'Space Empires IV Deluxe [APP]'),
(1611, 'Space Empires IV Deluxe'),
(1620, 'Jagged Alliance 2 [APP]'),
(1621, 'Jagged Alliance 2 Content'),
(1630, 'Disciples II Rise of the Elves [APP]'),
(1631, 'd2rote_common'),
(1632, 'd2_rote_imgs'),
(1633, 'd2_rote_gamedata'),
(1634, 'd2_rote_engine'),
(1635, 'Disciples II ROTE Scenario Editor [APP]'),
(1640, 'Disciples II Galleans Return [APP]'),
(1641, 'd2_gallean_common'),
(1642, 'd2_gallean_imgs'),
(1643, 'd2_gallean_gamedata'),
(1644, 'd2_gallean_engine'),
(1645, 'Disciples II Galleans Return Scenario Editor [APP]'),
(1670, 'Iron Warriors [APP]'),
(1671, 'Iron Warriors Content'),
(1672, 'Iron Warriors Levels'),
(1690, 'Space Empires V [APP]'),
(1691, 'SE5Depot'),
(1700, 'Arx Fatalis [APP]'),
(1701, 'Arx Fatalis Base'),
(1702, 'Arx Fatalis french'),
(1703, 'Arx Fatalis italian'),
(1705, 'Arx Fatalis German'),
(1706, 'Arx Fatalis spanish'),
(1707, 'Arx Fatalis russian'),
(1710, 'Arx Fatalis Demo [APP]'),
(1900, 'Earth 2160 [APP]'),
(1901, 'Earth 2160 Content'),
(1902, 'Earth 2160 French'),
(1903, 'Earth 2160 Spanish'),
(1904, 'Earth 2160 German'),
(2100, 'Dark Messiah Might and Magic Single Player [APP]'),
(2101, 'mm_engine_pub'),
(2102, 'mm_levels_public'),
(2103, 'mm_models_pub'),
(2104, 'mm_materials_a_pub'),
(2105, 'mm_materials_b_pub'),
(2106, 'mm_materials_c_pub'),
(2107, 'mm_sound_pub'),
(2108, 'mm_sound_lang_EN_pub'),
(2109, 'mm_media'),
(2110, 'Dark Messiah Multiplayer Open Beta [APP]'),
(2111, 'MM_MP_Materials'),
(2112, 'MM_MP_Mat_Generic'),
(2120, 'Dark Messiah Singleplayer Demo [APP]'),
(2121, 'Dark Messiah Might and Magic Single Player French'),
(2122, 'Dark Messiah Might and Magic Single Player Italian'),
(2123, 'Dark Messiah Might and Magic Single Player German'),
(2124, 'Dark Messiah Might and Magic Single Player Spanish'),
(2125, 'Dark Messiah Might and Magic Single Player Russian'),
(2130, 'Dark Messiah Might and Magic Multi-Player [APP]'),
(2131, 'MM_MP_Engine'),
(2132, 'MM_MP_Models'),
(2133, 'MM_MP_Materials'),
(2134, 'MM_MP_Generic'),
(2135, 'MM_MP_Sound'),
(2136, 'MM_MP_English'),
(2137, 'Dark Messiah Might and Magic Multi-Player French'),
(2138, 'Dark Messiah Might and Magic Multi-Player German'),
(2139, 'Dark Messiah Might and Magic Multi-Player Spanish'),
(2140, 'Dark Messiah Might and Magic Multi-Player Italian'),
(2141, 'Dark Messiah Might and Magic Multi-Player Russian'),
(2144, 'MM_MP_Server'),
(2145, 'Dark Messiah Might and Magic Dedicated Server [APP]'),
(2150, 'Dark Messiah SDK Beta [APP]'),
(2151, 'Dark Messiah Single Player SDKbase'),
(2152, 'Dark Messiah Single Player SDKcontent'),
(2199, 'DM Demo Fix'),
(2200, 'Quake 3 Arena [APP]'),
(2201, 'Quake 3 Arena content'),
(2270, 'Wolfenstein 3D [APP]'),
(2271, 'Wolfenstein 3D content'),
(2280, 'Ultimate Doom [APP]'),
(2281, 'Ultimate Doom content'),
(2290, 'Final Doom [APP]'),
(2291, 'Final Doom content'),
(2300, 'Doom 2 [APP]'),
(2301, 'Doom 2 content'),
(2310, 'Quake [APP]'),
(2311, 'Quake content'),
(2320, 'Quake 2 [APP]'),
(2321, 'Quake 2 content'),
(2330, 'Quake 2: The Reckoning [APP]'),
(2331, 'Quake 2 The Reckoning content'),
(2340, 'Quake 2: Ground Zero [APP]'),
(2341, 'Quake 2 Ground Zero content'),
(2350, 'Quake 3 Team Arena [APP]'),
(2351, 'Quake 3 Team Arena content'),
(2360, 'Hexen [APP]'),
(2361, 'Hexen content'),
(2370, 'Hexen: Deathkings of the Dark Citadel [APP]'),
(2371, 'Hexen Deathkings of the Dark Citadel Content'),
(2390, 'Heretic: Shadow of the Serpent Riders [APP]'),
(2391, 'Heretic Shadow of the Serpent Riders content'),
(2400, 'The Ship [APP]'),
(2401, 'The Ship'),
(2402, 'The Ship Common'),
(2403, 'The Ship Dedicated Server [APP]'),
(2404, 'The Ship Linux Dedicated Server'),
(2405, 'The Ship Single Player Content'),
(2406, 'The Ship Tutorial Content'),
(2407, 'The Ship Single Player French'),
(2408, 'The Ship Single Player German'),
(2420, 'The Ship Single Player [APP]'),
(2430, 'The Ship Tutorial [APP]'),
(2431, 'The Ship Tutorial French'),
(2432, 'The Ship Tutorial German'),
(2433, 'The Ship Single Player Russian'),
(2434, 'The Ship Tutorial Russian'),
(2500, 'Shadowgrounds [APP]'),
(2501, 'shadowgrounds content'),
(2502, 'Shadowgrounds French'),
(2503, 'Shadowgrounds German'),
(2504, 'Shadowgrounds Spanish'),
(2505, 'Shadowgrounds Editor [APP]'),
(2510, 'Shadowgrounds Demo [APP]'),
(2511, 'Shadowgrounds Demo'),
(2520, 'Gumboy Crazy Adventures [APP]'),
(2521, 'Gumboy Crazy Adventures Content'),
(2522, 'Gumboy Crazy Adventures Polish'),
(2523, 'Gumboy Crazy Adventures Russian'),
(2524, 'Gumboy Crazy Features Content'),
(2525, 'Gumboy Crazy Features [APP]'),
(2526, 'Gumboy Crazy Features Polish'),
(2527, 'Gumboy Crazy Features Russian'),
(2528, 'Gumboy Crazy Adventures German'),
(2529, 'Gumboy Crazy Adventures Italian'),
(2535, 'Gumboy Demo [APP]'),
(2536, 'Gumboy Demo 2 Content'),
(2540, 'RIP [APP]'),
(2541, 'RIP Content'),
(2545, 'RIP 2 - Strike Back [APP]'),
(2546, 'RIP 2 - Strike Back Content'),
(2550, 'RIP 3 - The Last Hero [APP]'),
(2551, 'RIP 3 - The Last Hero Content'),
(2560, 'RIP 3 - The Last Hero Demo [APP]'),
(2561, 'RIP 3 - The Last Hero Demo Content'),
(2570, 'Vigil - Blood Bitterness [APP]'),
(2571, 'Vigil Blood Bitterness content'),
(2580, 'Vigil - Blood Bitterness Demo [APP]'),
(2581, 'Vigil  Episode 1 Blood Bitterness Demo'),
(2600, 'Vampire: The Masquerade - Bloodlines [APP]'),
(2601, 'vampire bloodlines content'),
(2602, 'vampire bloodlines vpk1'),
(2603, 'vampire bloodlines vpk2'),
(2604, 'Vampire: The Masquerade - Bloodlines French'),
(2605, 'Vampire: The Masquerade - Bloodlines German'),
(2610, 'ValveTestApp2610 [APP]'),
(2611, 'GUN Content'),
(2612, 'ValveTestApp2610 Data1'),
(2613, 'ValveTestApp2610 Data2'),
(2620, 'Call of Duty [APP]'),
(2621, 'ValveTestApp2620 Content'),
(2622, 'Call of Duty German'),
(2623, 'Call of Duty English'),
(2624, 'Call of Duty French'),
(2625, 'ValveTestApp2625 [APP]'),
(2626, 'Call of Duty Italian'),
(2627, 'Call of Duty Spanish'),
(2628, 'Call of Duty Koreana'),
(2629, 'Call of Duty Russian'),
(2630, 'Call of Duty 2 [APP]'),
(2631, 'ValveTestApp2630 Content'),
(2632, 'ValveTestApp2630 Main1'),
(2633, 'ValveTestApp2630 Main2'),
(2634, 'Call of Duty 2 English'),
(2635, 'ValveTestApp2635 [APP]'),
(2636, 'Call of Duty 2 German'),
(2637, 'Call of Duty 2 French'),
(2638, 'Call of Duty 2 Spanish'),
(2639, 'Call of Duty 2 Italian'),
(2640, 'Call of Duty: United Offensive [APP]'),
(2641, 'Call of Duty United Offensive Content'),
(2642, 'Call of Duty: United Offensive English'),
(2643, 'Call of Duty: United Offensive Italian'),
(2644, 'Call of Duty: United Offensive French'),
(2645, 'ValveTestApp2645 [APP]'),
(2650, 'Call of Duty Thai'),
(2651, 'Call of Duty Japanese'),
(2652, 'Call of Duty Portuguese'),
(2653, 'Call of Duty Polish'),
(2654, 'Call of Duty tChinese'),
(2655, 'Call of Duty sChinese'),
(2660, 'Call of Duty 2 Koreana'),
(2661, 'Call of Duty 2 Russian'),
(2662, 'Call of Duty 2 Thai'),
(2663, 'Call of Duty 2 Japanese'),
(2664, 'Call of Duty 2 Portuguese'),
(2665, 'Call of Duty 2 Polish'),
(2666, 'Call of Duty 2 tChinese'),
(2667, 'Call of Duty 2 sChinese'),
(2680, 'The History Channel: Civil War [APP]'),
(2681, 'The History Channel Civil War Content1'),
(2682, 'The History Channel Civil War Content2'),
(2690, 'Empires: Dawn of the Modern World [APP]'),
(2691, 'Empires Dawn of the Modern World content'),
(2720, 'ThreadSpace: Hyperbol [APP]'),
(2721, 'tshb_retail'),
(2722, 'tshb_main'),
(2723, 'tshb_base'),
(2725, 'ThreadSpace: Hyperbol Map Editor [APP]'),
(2730, 'ThreadSpace: Hyperbol Demo [APP]'),
(2731, 'tshb_demo'),
(2740, 'ThreadSpace: Hyperbol dedicated server [APP]'),
(2741, 'tshb_steamfiles'),
(2800, 'X2: The Threat [APP]'),
(2801, 'X2 The Threat Content'),
(2802, 'X2: The Threat French'),
(2803, 'X2: The Threat German'),
(2804, 'X2: The Threat Spanish'),
(2805, 'X2: The Threat Italian'),
(2810, 'X3: Reunion [APP]'),
(2811, 'X3 Reunion Binaries'),
(2812, 'X3 Reunion Mov'),
(2813, 'X3 Reunion Data1'),
(2814, 'X3 Reunion Data2'),
(2815, 'X3: Reunion French'),
(2816, 'X3: Reunion German'),
(2817, 'X3: Reunion Spanish'),
(2818, 'X3: Reunion Italian'),
(2900, '688(I) Hunter-Killer [APP]'),
(2901, '688I Hunter-Killer Content'),
(2910, 'Fleet Command [APP]'),
(2911, 'Fleet Command Content'),
(2920, 'Sub Command [APP]'),
(2921, 'Sub Command Content'),
(2930, 'Birth Of America [APP]'),
(2931, 'Birth Of America Content'),
(2950, 'Jagged Alliance 2: Unfinished Business [APP]'),
(2990, 'FlatOut2 [APP]'),
(2991, 'FlatOut2 Content'),
(2992, 'FlatOut2 Content2'),
(2993, 'FlatOut2 Content3'),
(3000, 'GTI Racing [APP]'),
(3001, 'GTI Racing Content'),
(3002, 'GTI Racing Cars'),
(3010, 'Xpand Rally [APP]'),
(3011, 'Xpand Rally Content'),
(3200, 'Painkiller Gold Edition [APP]'),
(3201, 'Painkiller Gold Edition Content'),
(3202, 'Painkiller Gold Edition Paks'),
(3203, 'Painkiller Gold Edition Textures'),
(3204, 'Painkiller Gold Edition Movies'),
(3205, 'Painkiller Editor [APP]'),
(3210, 'Painkiller Demo [APP]'),
(3211, 'Painkiller Demo Content'),
(3220, 'SpaceForce: Rogue Universe [APP]'),
(3221, 'SpaceForce Rogue Universe content'),
(3222, 'SpaceForce Rogue Universe content 2'),
(3230, 'Genesis Rising [APP]'),
(3231, 'Genesis Rising content'),
(3232, 'Genesis Rising content 2'),
(3260, 'Safecracker: The Ultimate Puzzle Adventure [APP]'),
(3261, 'Safecracker 2 content'),
(3300, 'Bejeweled 2 Deluxe [APP]'),
(3301, 'Bejeweled 2 Deluxe Content'),
(3302, 'Bejeweled 2 Deluxe Demo [APP]'),
(3303, 'Bejeweled 2 Deluxe French'),
(3304, 'Bejeweled 2 Deluxe German'),
(3305, 'Bejeweled 2 Deluxe Italian'),
(3306, 'Bejeweled 2 Deluxe Spanish'),
(3310, 'Chuzzle Deluxe [APP]'),
(3311, 'Chuzzle Deluxe Content'),
(3312, 'Chuzzle Deluxe Demo [APP]'),
(3313, 'Chuzzle Deluxe French'),
(3314, 'Chuzzle Deluxe German'),
(3315, 'Chuzzle Deluxe Italian'),
(3316, 'Chuzzle Deluxe Spanish'),
(3320, 'Insaniquarium Deluxe [APP]'),
(3321, 'Insaniquarium Deluxe Content'),
(3322, 'Insaniquarium Deluxe Demo [APP]'),
(3323, 'Insaniquarium Deluxe French'),
(3324, 'Insaniquarium Deluxe German'),
(3325, 'Insaniquarium Deluxe Italian'),
(3326, 'Insaniquarium Deluxe Spanish'),
(3330, 'Zuma Deluxe [APP]'),
(3331, 'Zuma Deluxe Content'),
(3332, 'Zuma Deluxe Demo [APP]'),
(3333, 'Zuma Deluxe German'),
(3334, 'Zuma Deluxe French'),
(3335, 'Zuma Deluxe Italian'),
(3336, 'Zuma Deluxe Spanish'),
(3340, 'AstroPop Deluxe [APP]'),
(3341, 'AstroPop Deluxe Content'),
(3342, 'AstroPop Deluxe Demo [APP]'),
(3350, 'Bejeweled Deluxe [APP]'),
(3351, 'Bejeweled Deluxe Content'),
(3352, 'Bejeweled Deluxe Demo [APP]'),
(3360, 'Big Money Deluxe [APP]'),
(3361, 'Big Money Deluxe Content'),
(3362, 'Big Money Deluxe Demo [APP]'),
(3370, 'BookWorm Deluxe [APP]'),
(3371, 'BookWorm Deluxe Content'),
(3372, 'BookWorm Deluxe Demo [APP]'),
(3380, 'Dynomite Deluxe [APP]'),
(3381, 'Dynomite Deluxe Content'),
(3382, 'Dynomite Deluxe Demo [APP]'),
(3390, 'Feeding Frenzy 2 Deluxe [APP]'),
(3391, 'Feeding Frenzy 2 Deluxe Content'),
(3392, 'Feeding Frenzy 2 Deluxe Demo [APP]'),
(3400, 'Hammer Heads Deluxe [APP]'),
(3401, 'Hammer Heads Deluxe Content'),
(3402, 'Hammer Heads Deluxe Demo [APP]'),
(3410, 'Heavy Weapon Deluxe [APP]'),
(3411, 'Heavy Weapon Deluxe Content'),
(3412, 'Heavy Weapon Deluxe Demo [APP]'),
(3420, 'Iggle Pop Deluxe [APP]'),
(3421, 'Iggle Pop Deluxe Content'),
(3422, 'Iggle Pop Deluxe Demo [APP]'),
(3430, 'Pizza Frenzy [APP]'),
(3431, 'Pizza Frenzy Content'),
(3432, 'Pizza Frenzy Demo [APP]'),
(3440, 'Rocket Mania Deluxe [APP]'),
(3441, 'Rocket Mania Deluxe Content'),
(3442, 'Rocket Mania Deluxe Demo [APP]'),
(3450, 'Typer Shark Deluxe [APP]'),
(3451, 'Typer Shark Deluxe Content'),
(3452, 'Typer Shark Deluxe Demo [APP]'),
(3460, 'Talismania Deluxe [APP]'),
(3461, 'Talismania Deluxe Content'),
(3462, 'Talismania Deluxe Demo [APP]'),
(3470, 'Bookworm Adventures Deluxe [APP]'),
(3471, 'Bookworm Adventures Deluxe Content'),
(3472, 'Bookworm Adventures Deluxe Demo [APP]'),
(3480, 'Peggle Deluxe [APP]'),
(3481, 'Peggle Deluxe Content'),
(3482, 'Peggle Deluxe Demo [APP]'),
(3483, 'Peggle Extreme [APP]'),
(3484, 'Peggle Extreme Content'),
(3490, 'Venice [APP]'),
(3491, 'Venice content'),
(3492, 'Venice Demo [APP]'),
(3800, 'Advent Rising [APP]'),
(3801, 'Advent Rising Content1'),
(3802, 'Advent Rising Content2'),
(3803, 'Advent Rising Movies1'),
(3804, 'Advent Rising Movies2'),
(3810, 'BloodRayne [APP]'),
(3811, 'BloodRayne Content'),
(3820, 'BloodRayne 2 [APP]'),
(3821, 'BloodRayne 2 Content'),
(3822, 'BloodRayne 2 ArtPod'),
(3823, 'BloodRayne 2 SetPod'),
(3824, 'BloodRayne 2 Pods'),
(3830, 'Psychonauts [APP]'),
(3831, 'Psychonauts Content'),
(3832, 'Psychonauts Levels'),
(3833, 'Psychonauts Cutscenes1'),
(3834, 'Psychonauts Cutscenes2'),
(3835, 'Psychonauts French'),
(3836, 'Psychonauts German'),
(3840, 'Psychonauts Demo [APP]'),
(3841, 'Psychonauts Demo Content'),
(3850, 'BloodRayne 2 Demo [APP]'),
(3851, 'BloodRayne 2 Demo Content'),
(3900, 'Sid Meier\'s Civilization IV [APP]'),
(3901, 'ValveTestApp3901 Content'),
(3910, 'Sid Meier\'s Civilization III: Complete [APP]'),
(3911, 'Sid Meier\'s Civilization III Complete Content'),
(3912, 'Sid Meier\'s Civilization III Complete Art'),
(3920, 'Sid Meier\'s Pirates! [APP]'),
(3921, 'ValveTestApp3921 Content'),
(3960, 'Shattered Union [APP]'),
(3961, 'Shattered Union Content'),
(3970, 'Prey [APP]'),
(3971, 'Prey Content'),
(3972, 'Prey Paks'),
(3980, 'CivCity: Rome [APP]'),
(3981, 'CivCity Rome Content'),
(3982, 'CivCity: Rome French'),
(3983, 'CivCity: Rome Spanish'),
(3990, 'Sid Meier\'s Civilization IV: Warlords [APP]'),
(3991, 'Sid Meier\'s Civilization IV Warlords Content1'),
(3992, 'Sid Meier\'s Civilization IV Warlords Content2'),
(4000, 'Garry\'s Mod [APP]'),
(4001, 'GarrysMod Content'),
(4100, 'Poker Superstars II [APP]'),
(4101, 'Poker Superstars II Depot'),
(4102, 'Poker Superstars II Demo [APP]'),
(4206, 'Race Internal Beta [APP]'),
(4207, 'Race Internal Beta Dedicated Server [APP]'),
(4208, 'Race Files Beta'),
(4209, 'Race Textures Beta'),
(4230, 'Race - The WTCC Game [APP]'),
(4231, 'Race Files'),
(4232, 'Race Textures'),
(4240, 'Race Dedicated Server [APP]'),
(4260, 'RACE 07 Demo [APP]'),
(4261, 'Race07 Demo Content'),
(4270, 'RACE 07 Demo Dedicated Server [APP]'),
(4280, 'Race Caterham Beta [APP]'),
(4281, 'Caterham Data Beta'),
(4290, 'Race Caterham [APP]'),
(4291, 'Caterham Data'),
(4300, 'RoboBlitz [APP]'),
(4301, 'RoboBlitzDepot'),
(4310, 'RoboBlitz Demo [APP]'),
(4400, 'City Life [APP]'),
(4401, 'City Life Content'),
(4402, 'City Life French'),
(4403, 'City Life German'),
(4404, 'City Life Italian'),
(4405, 'City Life Spanish'),
(4410, 'City Life Deluxe [APP]'),
(4411, 'City Life Deluxe Bin'),
(4412, 'City Life Deluxe Data1'),
(4413, 'City Life Deluxe Data2'),
(4414, 'City Life Deluxe Data3'),
(4415, 'City Life Deluxe Data4'),
(4416, 'City Life Deluxe French'),
(4417, 'City Life Deluxe German'),
(4418, 'City Life Deluxe Italian'),
(4419, 'City Life Deluxe Spanish'),
(4420, 'Silverfall [APP]'),
(4421, 'Silverfall Binaries'),
(4422, 'Silverfall Design1'),
(4423, 'Silverfall Design2'),
(4424, 'Silverfall Design3'),
(4425, 'Silverfall Gfx1'),
(4426, 'Silverfall Gfx2'),
(4427, 'Silverfall Gfx3'),
(4428, 'Silverfall Gfx4'),
(4429, 'Silverfall French'),
(4430, 'Silverfall German'),
(4431, 'Silverfall Italian'),
(4432, 'Silverfall Spanish'),
(4440, 'Silverfall Demo [APP]'),
(4441, 'Silverfall Demo Content1'),
(4442, 'Silverfall Demo Content2'),
(4500, 'STALKER: Shadow of Chernobyl [APP]'),
(4501, 'STALKER: Shadow of Chernobyl content'),
(4502, 'STALKER: Shadow of Chernobyl content 2'),
(4503, 'STALKER: Shadow of Chernobyl content 3'),
(4504, 'STALKER: Shadow of Chernobyl content 4'),
(4505, 'STALKER: Shadow of Chernobyl french'),
(4506, 'STALKER: Shadow of Chernobyl italian'),
(4507, 'STALKER: Shadow of Chernobyl spanish'),
(4508, 'STALKER: Shadow of Chernobyl english'),
(4520, 'Full Spectrum Warrior [APP]'),
(4521, 'Full Spectrum Warrior content'),
(4522, 'Full Spectrum Warrior audio'),
(4523, 'Full Spectrum Warrior french'),
(4525, 'Full Spectrum Warrior italian'),
(4526, 'Full Spectrum Warrior korean'),
(4527, 'Full Spectrum Warrior spanish'),
(4530, 'Full Spectrum Warrior: Ten Hammers [APP]'),
(4531, 'Full Spectrum Warrior Ten Hammers content'),
(4532, 'Full Spectrum Warrior Ten Hammers audio'),
(4533, 'Full Spectrum Warrior: Ten Hammers french'),
(4536, 'Full Spectrum Warrior: Ten Hammers spanish'),
(4540, 'Titan Quest [APP]'),
(4541, 'Titan Quest content'),
(4542, 'Titan Quest resources'),
(4543, 'Titan Quest resources part 2'),
(4544, 'Titan Quest english'),
(4545, 'Titan Quest french'),
(4547, 'Titan Quest italian'),
(4548, 'Titan Quest spanish'),
(4550, 'Titan Quest: Immortal Throne [APP]'),
(4551, 'Titan Quest Immortal Throne content'),
(4552, 'Titan Quest: Immortal Throne english'),
(4554, 'Titan Quest: Immortal Throne french'),
(4555, 'Titan Quest: Immortal Throne spanish'),
(4556, 'Titan Quest: Immortal Throne italian'),
(4560, 'Company of Heroes [APP]'),
(4561, 'Company of Heroes content'),
(4562, 'Company of Heroes content 2'),
(4563, 'Company of Heroes content 3'),
(4564, 'Company of Heroes english'),
(4565, 'Company of Heroes french'),
(4566, 'Company of Heroes spanish'),
(4567, 'Company of Heroes italian'),
(4568, 'Company of Heroes german'),
(4570, 'Dawn of War Gold [APP]'),
(4571, 'dawn of war content'),
(4572, 'dawn of war content 2'),
(4573, 'dawn of war gold spanish'),
(4574, 'dawn of war gold french'),
(4575, 'dawn of war gold italian'),
(4577, 'dawn of war gold english'),
(4580, 'Dawn of War: Dark Crusade [APP]'),
(4581, 'dark crusade content'),
(4582, 'dark crusade content 2'),
(4583, 'dark crusade content 3'),
(4584, 'Dawn of War: Dark Crusade English'),
(4585, 'Dawn of War: Dark Crusade Spanish'),
(4586, 'Dawn of War: Dark Crusade French'),
(4587, 'Dawn of War: Dark Crusade Italian'),
(4590, 'Titan Quest Demo [APP]'),
(4591, 'titan quest demo content'),
(4600, 'Full Pipe [APP]'),
(4601, 'Full Pipe Content'),
(4602, 'Full Pipe German'),
(4603, 'Full Pipe Russian'),
(4610, 'Full Pipe Demo [APP]'),
(4611, 'Full Pipe Demo Content'),
(4700, 'Medieval II: Total War [APP]'),
(4701, 'Medieval II Total War Content'),
(4702, 'Medieval II Total War FMV'),
(4703, 'Medieval II Total War Sound1'),
(4704, 'Medieval II Total War Sound2'),
(4705, 'Medieval II Total War Pack1'),
(4706, 'Medieval II Total War Pack2'),
(4707, 'Medieval II Total War Pack3'),
(4708, 'Medieval II Total War Pack4'),
(4710, 'Medieval II: Total War Demo [APP]'),
(4711, 'Medieval II Total War Demo Content'),
(4730, 'Outrun2006 Coast 2 Coast [APP]'),
(4731, 'Outrun2006 Coast 2 Coast Content'),
(4760, 'Rome: Total War Gold [APP]'),
(4761, 'Rome Total War Gold Main'),
(4762, 'Rome Total War Gold Data'),
(4763, 'Rome: Total War Gold Italian'),
(4770, 'Rome: Total War Alexander [APP]'),
(4771, 'Rome Total War Alexander Main'),
(4772, 'Rome: Total War Alexander French'),
(4773, 'Rome: Total War Alexander German'),
(4774, 'Rome: Total War Alexander Italian'),
(4775, 'Rome: Total War Alexander Spanish'),
(4776, 'Rome Total War Alexander Content1'),
(4777, 'Rome Total War Alexander Content2'),
(4780, 'Medieval II: Total War Kingdoms [APP]'),
(4781, 'medieval 2 tw kingdoms content'),
(4782, 'medieval 2 tw kingdoms content 2'),
(4783, 'medieval 2 tw kingdoms content 3'),
(4784, 'medieval 2 tw kingdoms content 4'),
(4800, 'Heroes of Annihilated Empires [APP]'),
(4801, 'Heroes of Annihiliated Empires Content1'),
(4802, 'Heroes of Annihilated Empires Content2'),
(4803, 'Heroes of Annihilated Empires French'),
(4804, 'Heroes of Annihilated Empires German'),
(4805, 'Heroes of Annihilated Empires Russian'),
(4810, 'Heroes of Annihilated Empires Demo [APP]'),
(4811, 'Heroes of Annihilated Empires Demo Content'),
(4812, 'Heroes of Annihilated Empires Demo French'),
(4813, 'Heroes of Annihilated Empires Demo German'),
(4814, 'Heroes of Annihilated Empires Demo Russian'),
(4820, 'Heroes of Annihilated Empires Multiplayer Demo [APP]'),
(4821, 'Heroes of Annihilated Empires Multiplayer Demo Content'),
(4900, 'Zen of Sudoku [APP]'),
(4901, 'ZenOfSudoku'),
(4910, 'Zen of Sudoku Demo [APP]'),
(6100, 'Eets [APP]'),
(6101, 'Eets Content'),
(6110, 'Eets Demo [APP]'),
(6200, 'Ghost Master [APP]'),
(6201, 'Ghost Master Content'),
(6202, 'Ghost Master French'),
(6203, 'Ghost Master German'),
(6204, 'Ghost Master Italian'),
(6205, 'Ghost Master Spanish'),
(6210, 'Vegas - Make It Big [APP]'),
(6211, 'Vegas Make It Big Content'),
(6220, 'FlatOut [APP]'),
(6221, 'Flatout Content'),
(6230, 'FlatOut Demo [APP]'),
(6231, 'Flatout Demo Content'),
(6250, 'Making History: The Calm and The Storm [APP]'),
(6252, 'Making History 2.0 Rel Content'),
(6260, 'Making History: The Calm and The Storm Demo [APP]'),
(6261, 'Making History 2.0 Demo Content'),
(6270, 'Ducati World Championship [APP]'),
(6271, 'Ducati World Championship content'),
(6272, 'Ducati World Championship content 2'),
(6300, 'Dreamfall: The Longest Journey [APP]'),
(6301, 'Dreamfall The Longest Journey Binaries'),
(6302, 'Dreamfall The Longest Journey Pak1'),
(6303, 'Dreamfall The Longest Journey Pak2'),
(6304, 'Dreamfall The Longest Journey Pak3'),
(6305, 'Dreamfall The Longest Journey Pak4'),
(6310, 'The Longest Journey [APP]'),
(6311, 'The Longest Journey Content'),
(6320, 'The Longest Journey Demo [APP]'),
(6321, 'The Longest Journey Demo Content'),
(6400, 'Joint Task Force [APP]'),
(6401, 'Joint Task Force Binaries'),
(6402, 'Joint Task Force Maps'),
(6403, 'Joint Task Force Pak'),
(6404, 'Joint Task Force French'),
(6405, 'Joint Task Force German'),
(6406, 'Joint Task Force Italian'),
(6407, 'Joint Task Force Spanish'),
(6410, 'Joint Task Force Demo [APP]'),
(6411, 'Joint Task Force Demo Content'),
(6420, 'Nexus - The Jupiter Incident [APP]'),
(6421, 'Nexus The Jupiter Incident Content'),
(6510, 'Lost Planet: Extreme Condition [APP]'),
(6511, 'LostPlanet1'),
(6512, 'LostPlanet2'),
(6513, 'LostPlanet3'),
(6514, 'LostPlanet4'),
(6515, 'LostPlanet5'),
(6516, 'LostPlanet6'),
(6517, 'LostPlanet7'),
(6518, 'LostPlanet8'),
(6519, 'LostPlanet9'),
(6530, 'Lost Planet: Extreme Conditions Demo [APP]'),
(6531, 'Lost Planet Demo DX9 Content'),
(6540, 'Lost Planet: Extreme Conditions DX10 Demo [APP]'),
(6541, 'Lost Planet Demo DX10 Content'),
(6550, 'Devil May Cry 3 Special Edition [APP]'),
(6551, 'Devil May Cry 3 Binaries'),
(6552, 'Devil May Cry 3 Mov1'),
(6553, 'Devil May Cry 3 Mov2'),
(6570, 'Onimusha 3 [APP]'),
(6571, 'Onimusha 3 content'),
(6580, 'Lost Planet: Extreme Condition Trial [APP]'),
(6581, 'lost planet dx9 trial content'),
(6590, 'Lost Planet: Extreme Condition DirectX10 Trial [APP]'),
(6591, 'lost planet dx10 trial content'),
(6600, 'Bullet Candy [APP]'),
(6601, 'Bullet Candy Content'),
(6610, 'Bullet Candy Demo [APP]'),
(6611, 'Bullet Candy Demo Content'),
(6800, 'Commandos: Behind Enemy Lines [APP]'),
(6801, 'Commandos Behind Enemy Lines Content'),
(6810, 'Commandos: Beyond the Call of Duty [APP]'),
(6811, 'Commandos Beyond the Call of Duty Content'),
(6820, 'Commandos: Strike Force [APP]'),
(6821, 'Commandos Strike Force Content1'),
(6822, 'Commandos Strike Force Content2'),
(6823, 'Commandos Strike Force Content3'),
(6824, 'Commandos: Strike Force French'),
(6825, 'Commandos: Strike Force German'),
(6826, 'Commandos: Strike Force Italian'),
(6827, 'Commandos: Strike Force Spanish'),
(6830, 'Commandos 2: Men of Courage [APP]'),
(6831, 'Commandos 2 Men of Courage Content1'),
(6832, 'Commandos 2 Men of Courage Content2'),
(6840, 'Commandos 3: Destination Berlin [APP]'),
(6841, 'Commandos 3 Destination Berlin Content1'),
(6850, 'Hitman 2: Silent Assassin [APP]'),
(6851, 'Hitman 2 Silent Assassin Content'),
(6860, 'Hitman: Blood Money [APP]'),
(6861, 'Hitman Blood Money Binaries'),
(6862, 'Hitman Blood Money Movies'),
(6863, 'Hitman Blood Money Str'),
(6870, 'Battlestations: Midway [APP]'),
(6871, 'Battlestations Midway Binaries'),
(6872, 'Battlestations Midway Mpak'),
(6873, 'Battlestations Midway Movies1'),
(6874, 'Battlestations Midway Movies2'),
(6880, 'Just Cause [APP]'),
(6881, 'Just Cause Binaries'),
(6882, 'Just Cause FMV1'),
(6883, 'Just Cause FMV2'),
(6884, 'Just Cause French'),
(6885, 'Just Cause German'),
(6886, 'Just Cause Italian'),
(6887, 'Just Cause Spanish'),
(6888, 'Just Cause PC01'),
(6889, 'Just Cause PC02'),
(6890, 'Just Cause PC03'),
(6891, 'Just Cause PC04'),
(6900, 'Hitman: Codename 47 [APP]'),
(6901, 'Hitman Codename 47 Content'),
(6910, 'Deus Ex: Game of the Year Edition [APP]'),
(6911, 'Deus Ex Content'),
(6920, 'Deus Ex: Invisible War [APP]'),
(6921, 'Deus Ex Invisible War Content1'),
(6930, 'Just Cause Demo [APP]'),
(6931, 'Just Cause Demo Content'),
(6940, 'Battlestations: Midway Multiplayer Demo [APP]'),
(6941, 'Battlestations Midway Multiplayer Demo Content'),
(6950, 'Hitman: Blood Money Demo [APP]'),
(6951, 'Hitman: Blood Money Demo Content'),
(6980, 'Thief: Deadly Shadows [APP]'),
(6981, 'Thief Deadly Shadows Content1'),
(6982, 'Thief Deadly Shadows Content2'),
(7000, 'Tomb Raider: Legend [APP]'),
(7001, 'Tomb Raider Legend Binaries'),
(7002, 'Tomb Raider Legend Content1'),
(7003, 'Tomb Raider Legend Content2'),
(7004, 'Tomb Raider Legend Content3'),
(7005, 'Tomb Raider Legend Content4'),
(7010, 'Project: Snowblind [APP]'),
(7011, 'Project Snowblind Binaries'),
(7012, 'Project Snowblind Content1'),
(7013, 'Project Snowblind Content2'),
(7020, 'Rogue Trooper [APP]'),
(7021, 'Rogue Trooper Content1'),
(7022, 'Rogue Trooper Content2'),
(7023, 'Rogue Trooper French'),
(7024, 'Rogue Trooper German'),
(7025, 'Rogue Trooper Italian'),
(7026, 'Rogue Trooper Spanish'),
(7030, 'Tomb Raider: Legend Demo [APP]'),
(7031, 'Tomb Raider Legend Demo Content'),
(7050, 'Project: Snowblind Demo [APP]'),
(7051, 'Project Snowblind Demo Content'),
(7060, 'Infernal [APP]'),
(7061, 'Infernal Content1'),
(7062, 'Infernal Content2'),
(7080, 'Infernal Demo [APP]'),
(7081, 'Infernal Demo Content'),
(7110, 'Jade Empire [APP]'),
(7111, 'Jade Empire Data'),
(7112, 'Jade Empire Sound'),
(7113, 'Jade Empire Movies1'),
(7114, 'Jade Empire Movies2'),
(7115, 'Jade Empire Movies3'),
(7116, 'Jade Empire Italian'),
(7117, 'Jade Empire Spanish'),
(7118, 'Jade Empire French'),
(7119, 'Jade Empire German'),
(7120, 'Jade Empire French Mov1'),
(7121, 'Jade Empire French Mov2'),
(7122, 'Jade Empire German Mov1'),
(7123, 'Jade Empire German Mov2'),
(7200, 'TrackMania United [APP]'),
(7202, 'TrackMania United Content'),
(7210, 'Runaway, A Road Adventure [APP]'),
(7211, 'Runaway A Road Adventure Content1'),
(7212, 'Runaway A Road Adventure Content2'),
(7220, 'Runaway, The Dream of the Turtle [APP]'),
(7221, 'Runaway The Dream of the Turtle Binaries'),
(7222, 'Runaway The Dream of the Turtle Content1'),
(7223, 'Runaway The Dream of the Turtle Resource1'),
(7224, 'Runaway The Dream of the Turtle Resource2'),
(7225, 'Runaway The Dream of the Turtle Resource3'),
(7230, 'Runaway, The Dream of the Turtle Demo [APP]'),
(7231, 'Runaway The Dream of the Turtle Demo Content'),
(7250, 'Sherlock Holmes: The Awakened [APP]'),
(7251, 'Sherlock Holmes The Awakened Content'),
(7252, 'Sherlock Holmes The Awakened content 2'),
(7290, 'Sherlock Holmes: The Awakened Demo [APP]'),
(7291, 'sh3 demo content'),
(7400, 'Ricochet: Lost Worlds [APP]'),
(7401, 'Ricochet Lost Worlds Content'),
(7410, 'Ricochet Lost Worlds Demo [APP]'),
(7420, 'Wik and the Fable of Souls [APP]'),
(7421, 'Wik and the Fable of Souls Content'),
(7430, 'Wik and the Fable of Souls Demo [APP]'),
(7500, 'UFO: Afterlight [APP]'),
(7501, 'UFO Afterlight Content1'),
(7502, 'UFO Afterlight Content2'),
(7600, 'Sid Meier\'s Railroads [APP]'),
(7601, 'Sid Meier\'s Railroads Content'),
(7610, 'Railroad Tycoon 3 [APP]'),
(7611, 'Railroad Tycoon 3 Content'),
(7612, 'Railroad Tycoon 3 French'),
(7613, 'Railroad Tycoon 3 German'),
(7614, 'Railroad Tycoon 3 Italian'),
(7615, 'Railroad Tycoon 3 Spanish'),
(7620, 'Railroad Tycoon 2: Platinum [APP]'),
(7621, 'Railroad Tycoon 2 Platinum Content'),
(7630, 'Sid Meier\'s Railroads Demo [APP]'),
(7631, 'Sid Meier\'s Railroads Demo Content'),
(7650, 'X-COM: Terror from the Deep [APP]'),
(7651, 'X-COM Terror from the Deep Content'),
(7670, 'Bioshock [APP]'),
(7671, 'bioshock public content'),
(7672, 'bioshock public content 2'),
(7673, 'bioshock public content 3'),
(7674, 'Bioshock english'),
(7675, 'Bioshock spanish'),
(7676, 'Bioshock italian'),
(7677, 'Bioshock german'),
(7678, 'Bioshock french'),
(7701, 'bioshock public content 4'),
(7710, 'Bioshock Demo [APP]'),
(7711, 'Bioshock Demo Content'),
(7712, 'Bioshock Demo French'),
(7713, 'Bioshock Demo Italian'),
(7714, 'Bioshock Demo Spanish'),
(7800, 'Stubbs the Zombie [APP]'),
(7801, 'Stubbs the Zombie Binaries'),
(7802, 'Stubbs the Zombie Maps'),
(7810, 'Top Spin 2 [APP]'),
(7811, 'Top Spin 2 Binaries'),
(7812, 'Top Spin 2 Media 1'),
(7813, 'Top Spin 2 Media Sound'),
(7820, 'Stubbs The Zombie Demo [APP]'),
(7821, 'Stubbs the Zombie Demo Content'),
(7900, 'The Movies [APP]'),
(7901, 'The Movies Data'),
(7902, 'The Movies Audio'),
(7903, 'The Movies dutch'),
(7904, 'The Movies french'),
(7905, 'The Movies german'),
(7906, 'The Movies italian'),
(7907, 'The Movies polish'),
(7908, 'The Movies spanish'),
(7910, 'The Movies: Stunts and Effects [APP]'),
(7911, 'The Movies Stunts and Effects Content'),
(7912, 'The Movies Stunts and Effects german'),
(7920, 'The Movies Demo [APP]'),
(7921, 'The Movies Demo Content'),
(8000, 'Tomb Raider: Anniversary [APP]'),
(8001, 'Tomb Raider Anniversary binaries'),
(8002, 'Tomb Raider Anniversary content1'),
(8003, 'Tomb Raider Anniversary content2'),
(8010, 'Ancient Wars: Sparta [APP]'),
(8011, 'Ancient Wars Sparta Binaries'),
(8012, 'Ancient Wars Sparta Content1'),
(8013, 'Ancient Wars Sparta Content2'),
(8014, 'Ancient Wars: Sparta German'),
(8015, 'Ancient Wars: Sparta French'),
(8030, 'Tomb Raider: Anniversary Demo [APP]'),
(8031, 'Tomb Raider Anniversary Demo Content'),
(8040, 'Championship Manager 2007 [APP]'),
(8041, 'Championship Manager 2007 content'),
(8042, 'Championship Manager 2007 english'),
(8043, 'Championship Manager 2007 french'),
(8044, 'Championship Manager 2007 italian'),
(8045, 'Championship Manager 2007 polish'),
(8046, 'Championship Manager 2007 portugese'),
(8047, 'Championship Manager 2007 spanish'),
(8200, 'Sam and Max Episode 1 [APP]'),
(8201, 'Sam and Max Episode 1 content'),
(8210, 'Sam and Max Episode 2 [APP]'),
(8211, 'Sam and Max Episode 2 Content'),
(8220, 'Sam and Max Episode 3 [APP]'),
(8221, 'Sam and Max Episode 3 Content'),
(8230, 'Sam and Max Episode 4 [APP]'),
(8231, 'Sam and Max Episode 4 Content'),
(8240, 'Sam and Max Episode 5 [APP]'),
(8241, 'Sam and Max Episode 5 Content'),
(8250, 'Sam and Max Episode 6 [APP]'),
(8251, 'Sam and Max Episode 6 Content'),
(8400, 'Geometry Wars [APP]'),
(8401, 'Geometry Wars Content'),
(8410, 'ValveTestApp8410 Demo [APP]'),
(8411, 'ValveTestApp8410 Demo Content'),
(8620, 'Attack on Pearl Harbor [APP]'),
(8621, 'Attack on Pearl Harbor Data'),
(8630, 'Attack on Pearl Harbor Demo [APP]'),
(8631, 'Attack on Pearl Harbor Demo Content'),
(8800, 'Sid Meier\'s Civilization IV: Beyond the Sword [APP]'),
(8801, 'Sid Meier\'s Civilization IV Beyond the Sword content'),
(8802, 'Sid Meier\'s Civilization IV Beyond the Sword content 2'),
(8803, 'Sid Meier\'s Civilization IV Beyond the Sword content 3'),
(8820, 'Sid Meier\'s Civilization IV: Beyond the Sword - Final Frontier Demo [APP]'),
(8821, 'beyond the sword demo content'),
(9000, 'Spear of Destiny [APP]'),
(9001, 'Spear of Destiny content'),
(9010, 'Return to Castle Wolfenstein [APP]'),
(9011, 'Return to Castle Wolfenstein content'),
(9020, 'ValveTestApp9020 [APP]'),
(9021, 'ValveTestApp9020 content'),
(9030, 'Quake Mission Pack 2: Dissolution of Eternity [APP]'),
(9031, 'Quake Mission Pack 2 Dissolution of Eternity content'),
(9040, 'Quake Mission Pack 1: Scourge of Armagon [APP]'),
(9041, 'Quake Mission Pack 1 Scourge of Armagon content'),
(9050, 'Doom 3 [APP]'),
(9051, 'Doom 3 content'),
(9052, 'Doom 3 english'),
(9053, 'Doom 3 spanish'),
(9054, 'Doom 3 german'),
(9055, 'Doom 3 italian'),
(9057, 'Doom 3 french'),
(9060, 'Hexen 2 [APP]'),
(9061, 'Hexen 2 content'),
(9070, 'Doom 3: Resurrection of Evil [APP]'),
(9071, 'Doom 3 Resurrection of Evil content'),
(9080, 'Quake 3 Arena Demo [APP]'),
(9081, 'quake 3 arena demo content'),
(9090, 'Quake 3 Team Arena Demo [APP]'),
(9091, 'quake 3 team arena demo content'),
(9100, 'Doom 3 Demo [APP]'),
(9101, 'doom 3 demo content'),
(9120, 'Hexen II Demo [APP]'),
(9121, 'hexen ii demo content'),
(9130, 'Quake II Demo [APP]'),
(9131, 'quake 2 demo content'),
(9160, 'Master Levels of Doom [APP]'),
(9161, 'Master Levels of Doom content'),
(9180, 'Commander Keen Complete Pack [APP]'),
(9181, 'commander keen all content'),
(9300, 'Company of Heroes Singleplayer Demo [APP]'),
(9301, 'company of heroes sp demo content'),
(9302, 'company of heroes sp demo content 2'),
(9310, 'Dawn of War Gold: Winter Assault [APP]'),
(9320, 'Dawn of War Demo [APP]'),
(9321, 'dawn of war demo content'),
(9330, 'Dawn of War Winter Assault Demo [APP]'),
(9331, 'dawn of war winter assault demo content'),
(9500, 'Gish [APP]'),
(9501, 'Gish content'),
(10010, 'Enemy Territory: QUAKE Wars Demo [APP]'),
(10011, 'enemy territory quake wars demo content');

-- --------------------------------------------------------

--
-- Table structure for table `steamsubscriptions`
--

CREATE TABLE `steamsubscriptions` (
  `SubscriptionID` int(11) NOT NULL,
  `Name` varchar(256) NOT NULL
) ENGINE=MyISAM DEFAULT CHARSET=utf8;

--
-- Dumping data for table `steamsubscriptions`
--

INSERT INTO `steamsubscriptions` (`SubscriptionID`, `Name`) VALUES
(0, 'Steam'),
(1, 'Half-Life Platinum Pack'),
(2, 'Day of Defeat'),
(3, 'Condition Zero'),
(4, 'Cyber Cafe'),
(5, 'ATI Bundle'),
(6, 'Condition Zero'),
(7, 'Condition Zero'),
(8, 'Valve Premier Pack'),
(9, 'Half-Life 2 Bronze'),
(10, 'Half-Life 2 Silver'),
(11, 'Half-Life 2 Retail Standard'),
(12, 'Half-Life 2 Retail Collectors'),
(13, 'Half-Life 2 Gold'),
(14, 'HL2 Complimentary Edition'),
(15, 'AMD Bundle'),
(16, 'DoD:S Beta Test'),
(17, 'Valve Test App 120 Sub'),
(18, 'Valve Test App 1000 Sub'),
(19, 'Half-Life 2 Game of the Year'),
(20, 'Counter-Strike 1 Anthology'),
(21, 'Half Life 1 Anthology'),
(22, 'Counter-Strike Source'),
(23, 'Half-Life 2 Platinum'),
(24, 'Half-Life 1 Classic'),
(25, 'Day of Defeat: Source'),
(26, 'Online Multiplayer'),
(27, 'DoD_Review'),
(29, 'Team Fortress Classic'),
(30, 'Day of Defeat'),
(31, 'Deathmatch Classic'),
(32, 'Opposing Force'),
(33, 'Ricochet'),
(34, 'Half-Life 1'),
(35, 'Half-Life: Blue Shift'),
(36, 'Half-Life 2'),
(37, 'Counter-Strike: Source'),
(38, 'Half-Life 1: Source'),
(39, 'Half-Life 2: Deathmatch'),
(40, 'Half-Life 1 Anthology'),
(41, 'Counter-Strike 1 Anthology'),
(42, 'Source Multiplayer Pack'),
(43, 'Source Premier Pack'),
(44, 'Valve Complete Pack'),
(45, 'Rag Doll Kung Fu'),
(46, 'Rag Doll Kung Fu Complementary'),
(47, 'Day of Defeat: Source Promo'),
(48, 'Valve Test App 1309 Sub'),
(49, 'School Lab'),
(50, 'Gift Pack'),
(51, 'Valve Test App 1100'),
(52, 'Rag Doll Kung Fu Test'),
(53, 'Red Orchestra Beta'),
(54, 'Darwinia'),
(55, 'Darwinia Complementary'),
(56, 'Day of Defeat Source'),
(57, 'Space Empires IV Deluxe'),
(58, 'SCS - Dangerous Waters'),
(59, 'Space Empires IV Deluxe Complementary'),
(60, 'SCS - Dangerous Waters Complementary'),
(61, 'Steam Master'),
(62, 'Press Master'),
(63, 'Red Orchestra'),
(64, 'Red Orchestra Retail'),
(65, 'Red Orchestra Complementary'),
(66, 'GNA/WEG Tournament Promotion'),
(67, 'VTT'),
(68, 'Valve Complete Pack Complementary'),
(69, 'SiN Episodes Emergence'),
(70, 'Sin Episode 1'),
(71, 'Rag Doll Kung Fu'),
(72, 'Earth 2160'),
(73, 'Earth 2160 Complementary'),
(74, 'Valve Test Sub 74'),
(75, 'Sin Episode 1 DE'),
(76, 'Condition Zero and Counter-Strike'),
(77, 'Half-Life 2: Episode One'),
(78, 'SiN Episodes Emergence DE'),
(79, 'Half-Life 2: Episode One'),
(80, 'Source Premier Pack'),
(81, 'Valve Complete Pack'),
(82, 'Half-Life 2: Lost Coast and Deathmatch'),
(83, 'SiN Episodes Emergence OEM'),
(84, 'Half-Life 2: Episode One OEM'),
(85, 'Shadowgrounds'),
(86, 'Shadowgrounds Complimentary'),
(87, 'The Ship Beta'),
(88, 'Sci-Fi Strategy Pack'),
(89, 'SiN Episodes Emergence Germany'),
(90, 'The Ship'),
(91, 'The Ship Complimentary'),
(92, 'Day of Defeat Source'),
(93, 'SiN Episodes Emergence'),
(94, 'Jagged Alliance 2'),
(95, 'Disciples II Gold'),
(96, 'Jagged Alliance 2 / Disciples II Gold Combo'),
(97, 'Jagged Alliance 2 Complimentary'),
(98, 'Disciples II Gold Complimentary'),
(99, 'X2/X3 Complimentary'),
(100, 'X2: The Threat'),
(101, 'X3: Reunion'),
(102, 'X2: The Threat / X3: Reunion'),
(103, 'Birth of America'),
(104, 'Iron Warriors'),
(105, 'Birth of America Complimentary'),
(106, 'Iron Warriors Complimentary'),
(107, 'Sci-Fi Game Pack'),
(108, 'Half-Life 2 Classic'),
(109, 'The Ship Retail'),
(110, 'Uplink Beta'),
(111, 'Sniper Elite Beta'),
(112, 'Uplink'),
(113, 'Darwinia / Uplink'),
(114, 'GTI Racing'),
(115, 'Xpand Rally'),
(116, 'GTI/Xpand Pack'),
(117, 'GTI/Xpand Pack with MOMO Racing Wheel'),
(118, 'GTI Racing Retail'),
(119, 'GTI/Xpand Pack Retail'),
(120, 'PopCap Complimentary'),
(121, 'Bejeweled 2 Deluxe'),
(122, 'Bejeweled Deluxe'),
(123, 'Zuma Deluxe'),
(124, 'Feeding Frenzy 2 Deluxe'),
(125, 'Bookworm Deluxe'),
(126, 'Chuzzle Deluxe'),
(127, 'Insaniquarium Deluxe'),
(128, 'Dynomite Deluxe'),
(129, 'Iggle Pop Deluxe'),
(130, 'Pizza Frenzy'),
(131, 'Typer Shark Deluxe'),
(132, 'AstroPop Deluxe'),
(133, 'Heavy Weapon Deluxe'),
(134, 'Rocket Mania Deluxe'),
(135, 'Hammer Heads Deluxe'),
(136, 'Big Money Deluxe'),
(137, 'Talismania Deluxe'),
(138, 'Puzzle Pack'),
(139, 'Action Pack'),
(140, 'Thinking Pack'),
(141, 'Puzzle + Action Pack'),
(142, 'Thinking + Action Pack'),
(143, 'Puzzle + Thinking Pack'),
(144, 'The Complete PopCap Collection'),
(145, 'Dark Messiah Steam Beta'),
(146, 'Majesco Complimentary'),
(147, 'Strategy First Complimentary'),
(148, 'Counter-Strike: Source'),
(149, 'Counter-Strike'),
(150, 'Half-Life 2: Deathmatch / Half-Life 2: Lost Coast'),
(151, 'Half-Life 2 Holiday Pack 2006'),
(152, 'Half-Life 2 Holiday 2006'),
(153, 'BloodRayne'),
(154, 'BloodRayne 2'),
(155, 'Advent Rising'),
(156, 'Defcon'),
(158, 'ValveTestSub 158 Complimentary'),
(159, 'Defcon Demo Beta'),
(160, 'Defcon Beta'),
(161, 'Space Empires V Complimentary'),
(162, 'Psychonauts Beta'),
(163, 'ValveTestSub163 Complimentary'),
(164, 'Dark Messiah'),
(165, 'Sci-Fi Game Pack');

-- --------------------------------------------------------

--
-- Table structure for table `steamsub_apps`
--

CREATE TABLE `steamsub_apps` (
  `UniqueID` int(11) NOT NULL,
  `SteamSubscriptions_SubscriptionID` int(11) NOT NULL,
  `AppList` varchar(512) DEFAULT NULL
) ENGINE=MyISAM DEFAULT CHARSET=utf8;

--
-- Dumping data for table `steamsub_apps`
--

INSERT INTO `steamsub_apps` (`UniqueID`, `SteamSubscriptions_SubscriptionID`, `AppList`) VALUES
(1, 0, '1,2,3,4,5,6,7,8,11,12,13,14,15,16,17,18,19,21,22,23,24,25,31,32,33,34,35,41,42,43,44,45,51,52,53,56,61,62,63,64,65,72,73,74,75,76,77,78,79,81,82,83,84,85,86,87,88,89,92,96,104,105,106,107,108,109,110,111,131,132,200,201,202,204,205,206,207,208,209,212,219,221,223,224,225,226,227,228,229,230,231,232,233,234,235,236,242,243,244,245,246,247,248,249,250,251,252,253,283,284,285,286,287,288,289,290,291,292,293,301,310,311,321,342,343,344,345,346,347,348,349,350,363,382,383,384,385,386,387,388,389,390,441,442,900,'),
(2, 1, '10,20,30,40,50,60,70,130'),
(3, 2, '2,3,10,20,30,40,50,60,70,130'),
(4, 3, '10,80,95,100,101,102,103'),
(5, 4, '1,2,3,4,5,10,11,20,21,30,31,40,41,50,51,60,61,70,80,81,95,100,101,102,103,130,211,213,215,220,240,241,280,281,300,320,340,341,360,380,381,1000,1002,1200,1201,1202,1220,1221,1222,1309,1311,1312,1313,1500,1501,1600,1601,1610,1611,1620,1621,1630,1631,1632,1633,1634,1635,1640,1641,1642,1643,1644,1645,1670,1671,1672,2400,2401,2402,2406,2430,2500,2501,2502,2503,2504,2505,2800,2801,2802,2803,2804,2805,2810,2811,2812,2813,2814,2815,2816,2817,2818,2930,2931,3000,3001,3002,3010,3011,3300,3310,3320,3330,3340,3350,3360'),
(6, 5, '10,20,30,40,50,60,70,130,211,215,220,240,241,320,340,341'),
(7, 6, '10,80,81,95,100,101,102,103'),
(8, 7, '10,80,95,100,101,102,103'),
(9, 8, '20,30,40,50,60,70,130'),
(10, 9, '211,215,220,240,241,320,340,341'),
(11, 10, '10,20,30,40,50,60,70,80,95,100,101,102,103,130,211,215,220,240,241,280,281,300,320,340,341,360'),
(12, 11, '203,211,215,220,240,241,320,340,341'),
(13, 12, '203,211,215,220,240,241,280,281,320,340,341,360'),
(14, 13, '10,20,30,40,50,60,70,80,95,100,101,102,103,130,211,215,220,240,241,280,281,300,320,340,341,360'),
(15, 14, '10,20,30,40,50,60,70,80,95,100,101,102,103,130,211,213,215,220,240,241,280,281,300,320,340,341,360,380,381,1000,1002,1500,1501'),
(16, 15, '211,215,220,240,241,320,340,341'),
(17, 16, ''),
(18, 17, '120'),
(19, 18, ''),
(20, 19, '211,215,220,240,241,280,281,320,340,341,360'),
(21, 20, '10,30,40,60,80,81,95,100,101,102,103'),
(22, 21, '20,21,50,51,70,130'),
(23, 22, '211,215,240,241,300,301,320,340,341'),
(24, 23, '211,215,220,240,241,280,281,300,301,320,340,341,360'),
(25, 24, '20,70'),
(26, 25, '211,215,300'),
(27, 26, '1,2,3,4,5,10,11,20,21,30,31,40,41,50,51,60,61,70,80,81,95,100,101,102,103,130,211,215,220,240,241,280,281,300,320,340,341,360'),
(28, 27, ''),
(29, 29, '20'),
(30, 30, '30'),
(31, 31, '40'),
(32, 32, '50'),
(33, 33, '60'),
(34, 34, '70'),
(35, 35, '130'),
(36, 36, '211,215,220,340,341'),
(37, 37, '211,215,240,241'),
(38, 38, '215,280,281,360'),
(39, 39, '211,215,320'),
(40, 40, '20,50,70,130'),
(41, 41, '10,30,40,60,80,81,95,100,101,102,103'),
(42, 42, '211,215,240,241,300,320'),
(43, 43, '211,215,220,221,240,241,280,281,300,320,340,341,360'),
(44, 44, '10,20,30,40,50,60,70,80,81,95,100,101,102,103,130,211,215,220,221,240,241,280,281,300,320,340,341,360'),
(45, 45, '1000,1002'),
(46, 46, '1000,1002'),
(47, 47, '211,215,300'),
(48, 48, '1309,1311,1312,1313'),
(49, 49, '1,2,3,4,5,10,11,20,21,30,31,40,41,60,61,80,81,95,215,240,241,300,320'),
(50, 50, '220,221,240,241,340,341'),
(51, 51, ''),
(52, 52, ''),
(53, 53, ''),
(54, 54, '1500,1501'),
(55, 55, '1500,1501,1510,1511,1520,1521'),
(56, 56, '211,215,300'),
(57, 57, '1610,1611'),
(58, 58, '1600,1601'),
(59, 59, '1610,1611'),
(60, 60, '1600,1601'),
(61, 61, '10,20,30,40,50,60,70,80,95,100,101,102,103,130,211,213,215,216,220,236,240,241,280,281,300,305,306,307,320,340,341,360,363,380,381,400,420,440,441,442,443,1000,1002,1200,1201,1202,1210,1211,1212,1220,1221,1222,1300,1301,1302,1303,1304,1305,1308,1309,1311,1312,1313,1315,1316,1317,1318,1500,1501,1510,1511,1520,1521,1524,1525,1600,1601,1610,1611,1620,1621,1630,1631,1632,1633,1634,1635,1640,1641,1642,1643,1644,1645,1670,1671,1672,1690,1691,1700,1701,1702,1703,1705,1706,1707,1900,1901,1902,1903,1904,2100,2101,21'),
(62, 62, '10,20,30,40,50,60,70,80,95,100,101,102,103,130,211,213,215,216,220,240,241,280,281,300,305,306,307,320,340,341,360,380,381,400,420,440,441,442,443,1000,1002,1200,1201,1202,1220,1221,1222,1300,1301,1302,1303,1304,1305,1308,1309,1311,1312,1313,1315,1316,1317,1318,1500,1501,1510,1511,1520,1521,1600,1601,1610,1611,1670,1671,1672,1690,1691,1700,1701,1702,1703,1705,1706,1707,1900,1901,1902,1903,1904,2200,2201,2270,2271,2280,2281,2290,2291,2300,2301,2310,2311,2320,2321,2330,2331,2340,2341,2350,2351,2360,2361,2370,'),
(63, 63, '1200,1201,1202,1220,1221,1222'),
(64, 64, '1200,1201,1202,1220,1221,1222'),
(65, 65, '1200,1201,1202,1220,1221,1222'),
(66, 66, '211,215,240,241'),
(67, 67, ''),
(68, 68, '10,20,30,40,50,60,70,80,81,95,100,101,102,103,130,211,215,220,221,240,241,280,281,300,320,340,341,360'),
(69, 69, '1300,1301,1302,1303,1304,1305,1308,1309,1311,1312,1313,1315,1316,1317,1318'),
(70, 70, '1300,1301,1302,1303,1304,1305,1308,1309,1311,1312,1313,1315,1316,1317,1318'),
(71, 71, '1000,1002'),
(72, 72, '1900,1901,1902,1903,1904'),
(73, 73, '1900,1901,1902,1903,1904'),
(74, 74, '2110,2111,2112'),
(75, 75, '1301,1302,1303,1304,1305,1308,1315,1317,1318,1320'),
(76, 76, '10,80,81,95,100,101,102,103'),
(77, 77, '211,213,215,281,320,340,341,360,380,381'),
(78, 78, '1300,1301,1302,1303,1304,1305,1308,1309,1311,1312,1313,1315,1316,1317,1318'),
(79, 79, '211,213,215,281,320,340,341,360,380,381'),
(80, 80, '211,213,215,220,221,240,241,280,281,300,320,340,341,360,380,381'),
(81, 81, '10,20,30,40,50,60,70,80,81,95,100,101,102,103,130,211,213,215,220,221,240,241,280,281,300,320,340,341,360,380,381'),
(82, 82, ''),
(83, 83, '1300,1301,1302,1303,1304,1305,1308,1309,1311,1312,1313,1315,1316,1317,1318'),
(84, 84, '211,213,215,281,320,340,341,360,380,381'),
(85, 85, '2500,2501,2502,2503,2504,2505'),
(86, 86, '2500,2501,2502,2503,2504,2505'),
(87, 87, ''),
(88, 88, '1500,1501,1610,1611,1900,1901,1902,1903,1904'),
(89, 89, '1301,1302,1303,1304,1305,1308,1315,1317,1318,1320'),
(90, 90, '2400,2401,2402,2406,2430'),
(91, 91, '2400,2401,2402,2405,2406,2420,2430'),
(92, 92, '200,206,207,208,211,212,215,300,301'),
(93, 93, '1300,1301,1302,1303,1304,1305,1308,1309,1311,1312,1313,1315,1316,1317,1318'),
(94, 94, '1620,1621'),
(95, 95, '1630,1631,1632,1633,1634,1635,1640,1641,1642,1643,1644,1645'),
(96, 96, '1620,1621,1630,1631,1632,1633,1634,1635,1640,1641,1642,1643,1644,1645'),
(97, 97, '1620,1621'),
(98, 98, '1630,1631,1632,1633,1634,1635,1640,1641,1642,1643,1644,1645'),
(99, 99, '2800,2801,2802,2803,2804,2805,2810,2811,2812,2813,2814,2815,2816,2817,2818'),
(100, 100, '2800,2801,2802,2803,2804,2805'),
(101, 101, '2810,2811,2812,2813,2814,2815,2816,2817,2818'),
(102, 102, '2800,2801,2802,2803,2804,2805,2810,2811,2812,2813,2814,2815,2816,2817,2818'),
(103, 103, '2930,2931'),
(104, 104, '1670,1671,1672'),
(105, 105, '2930,2931'),
(106, 106, '1670,1671,1672'),
(107, 107, '1500,1501,2500,2501,2502,2503,2504,2505,2800,2801,2802,2803,2804,2805'),
(108, 108, '211,215,220,320,340,341'),
(109, 109, '2400,2401,2402,2405,2406,2420,2430'),
(110, 110, '1510,1511'),
(111, 111, ''),
(112, 112, '1510,1511'),
(113, 113, '1500,1501,1510,1511'),
(114, 114, '3000,3001,3002'),
(115, 115, '3010,3011'),
(116, 116, '3000,3001,3002,3010,3011'),
(117, 117, '3000,3001,3002,3010,3011'),
(118, 118, '3000,3001,3002'),
(119, 119, '3000,3001,3002,3010,3011'),
(120, 120, '3300,3310,3320,3330,3340,3350,3360,3370,3380,3390,3400,3410,3420,3430,3440,3450,3460'),
(121, 121, '3300'),
(122, 122, '3350'),
(123, 123, '3330'),
(124, 124, '3390'),
(125, 125, '3370'),
(126, 126, '3310'),
(127, 127, '3320'),
(128, 128, '3380'),
(129, 129, '3420'),
(130, 130, '3430'),
(131, 131, '3450'),
(132, 132, '3340'),
(133, 133, '3410'),
(134, 134, '3440'),
(135, 135, '3400'),
(136, 136, '3360'),
(137, 137, '3460'),
(138, 138, '3300,3310,3380'),
(139, 139, '3330,3390,3410'),
(140, 140, '3320,3370,3450'),
(141, 141, '3300,3310,3330,3380,3390,3410'),
(142, 142, '3320,3330,3370,3390,3410,3450'),
(143, 143, '3300,3310,3320,3370,3380,3450'),
(144, 144, '3300,3310,3320,3330,3340,3350,3360,3370,3380,3390,3400,3410,3420,3430,3440,3450,3460'),
(145, 145, '2101,2102,2103,2104,2105,2106,2107,2108,2120'),
(146, 146, '3800,3801,3802,3803,3804,3810,3811,3820,3821,3822,3823,3824,3830,3831,3832,3833,3834,3835,3836'),
(147, 147, '1690,1691'),
(148, 148, '211,215,240,241'),
(149, 149, '10'),
(150, 150, '211,215,320,340,341'),
(151, 151, '211,213,215,220,240,241,280,281,320,340,341,360,380,381'),
(152, 152, '211,213,215,220,280,281,320,340,341,360,380,381'),
(153, 153, '3810,3811'),
(154, 154, '3820,3821,3822,3823,3824'),
(155, 155, '3800,3801,3802,3803,3804'),
(156, 156, '1520'),
(157, 158, '3900,3901,3910,3911,3912,3920,3921,3960,3961'),
(158, 159, '1523,1524'),
(159, 160, '1524,1525'),
(160, 161, '1690,1691'),
(161, 162, '3830,3831,3832,3833,3834,3835,3836'),
(162, 163, '2610,2611,2612,2613,2620,2621,2625,2630,2631,2632,2633,2634,2635,2640,2641,2645'),
(163, 164, '2110,2111,2112'),
(164, 165, '1500,1501,2500,2501,2502,2503,2504,2505,2810,2811,2812,2813,2814,2815,2816,2817,2818');

-- --------------------------------------------------------

--
-- Table structure for table `subscriptionstatus`
--

CREATE TABLE `subscriptionstatus` (
  `uniqueid` int(11) NOT NULL,
  `statustype` varchar(100) NOT NULL
) ENGINE=InnoDB DEFAULT CHARSET=utf8;

--
-- Dumping data for table `subscriptionstatus`
--

INSERT INTO `subscriptionstatus` (`uniqueid`, `statustype`) VALUES
(0, 'OK'),
(1, 'Pending'),
(2, 'Preorder'),
(3, 'PrepurchaseTransferred'),
(4, 'PrepurchaseInvalid'),
(5, 'PrepurchaseRejected'),
(6, 'PrepurchaseRevoked'),
(7, 'PaymentCardDeclined'),
(8, 'CancelledByUser'),
(9, 'CancelledByVendor'),
(10, 'PaymentCardUseLimit'),
(11, 'PaymentCardAlert'),
(12, 'Failed'),
(13, 'PaymentCardAVSFailure'),
(14, 'PaymentCardInsufficientFunds'),
(15, 'RestrictedCountry');

-- --------------------------------------------------------

--
-- Table structure for table `userappaccessrightsrecord`
--

CREATE TABLE `userappaccessrightsrecord` (
  `UniqueID` int(11) NOT NULL,
  `UserRegistry_UniqueID` int(11) NOT NULL,
  `AppID` int(11) NOT NULL,
  `Rights` varchar(45) DEFAULT NULL
) ENGINE=MyISAM DEFAULT CHARSET=utf8;

-- --------------------------------------------------------

--
-- Table structure for table `userregistry`
--

CREATE TABLE `userregistry` (
  `UniqueID` int(11) NOT NULL,
  `UniqueUserName` varchar(256) NOT NULL,
  `AccountCreationTime` datetime NOT NULL,
  `OptionalAccountCreationKey` varchar(45) NOT NULL DEFAULT 'Egq-pe-y',
  `SteamLocalUserID` varchar(45) CHARACTER SET utf8 COLLATE utf8_bin NOT NULL,
  `UserType` int(11) NOT NULL DEFAULT '1',
  `SaltedAnswerToQuestionDigest` varchar(512) CHARACTER SET utf8 COLLATE utf8_bin NOT NULL,
  `PassphraseSalt` varchar(512) CHARACTER SET utf8 COLLATE utf8_bin NOT NULL,
  `AnswerToQuestionSalt` varchar(512) CHARACTER SET utf8 COLLATE utf8_bin NOT NULL,
  `PersonalQuestion` varchar(256) CHARACTER SET utf8 COLLATE utf8_bin NOT NULL,
  `SaltedPassphraseDigest` varchar(512) CHARACTER SET utf8 COLLATE utf8_bin NOT NULL,
  `LastRecalcDerivedSubscribedAppsTime` varchar(45) CHARACTER SET utf8 COLLATE utf8_bin NOT NULL,
  `Cellid` varchar(45) CHARACTER SET utf8 COLLATE utf8_bin NOT NULL,
  `AccountEmailAddress` varchar(256) NOT NULL,
  `Banned` varchar(45) CHARACTER SET utf8 COLLATE utf8_bin NOT NULL DEFAULT '00 00',
  `AccountLastModifiedTime` varchar(45) CHARACTER SET utf8 COLLATE utf8_bin NOT NULL DEFAULT 'e0 e0 e0 e0 e0 e0 e0 00'
) ENGINE=MyISAM DEFAULT CHARSET=utf8;

--
-- Dumping data for table `userregistry`
--

INSERT INTO `userregistry` (`UniqueID`, `UniqueUserName`, `AccountCreationTime`, `OptionalAccountCreationKey`, `SteamLocalUserID`, `UserType`, `SaltedAnswerToQuestionDigest`, `PassphraseSalt`, `AnswerToQuestionSalt`, `PersonalQuestion`, `SaltedPassphraseDigest`, `LastRecalcDerivedSubscribedAppsTime`, `Cellid`, `AccountEmailAddress`, `Banned`, `AccountLastModifiedTime`) VALUES
(1, 'test', '2023-07-01 00:00:00', 'Egq-pe-y', '0', 1, 'asd', 'asdgdfs', 'dsafda', 'what is your name?', 'efasef324', '0', '2', 'test@google.com', '00 00', 'e0 e0 e0 e0 e0 e0 e0 00');

-- --------------------------------------------------------

--
-- Table structure for table `vacrecord`
--

CREATE TABLE `vacrecord` (
  `UniqueID` int(11) NOT NULL,
  `CustSupportAccountRecord_UniqueID` int(11) NOT NULL,
  `BannedAtTime` varchar(45) DEFAULT NULL,
  `BannedFromTime` varchar(45) DEFAULT NULL,
  `BannedUntilTime` varchar(45) DEFAULT NULL,
  `Reason` varchar(45) DEFAULT NULL,
  `Infractions` varchar(45) DEFAULT NULL,
  `AccountCreationIP` varchar(45) DEFAULT NULL
) ENGINE=MyISAM DEFAULT CHARSET=utf8;

--
-- Indexes for dumped tables
--

--
-- Indexes for table `accountexternalbillinginforecord`
--
ALTER TABLE `accountexternalbillinginforecord`
  ADD PRIMARY KEY (`UniqueID`),
  ADD UNIQUE KEY `UniqueID_UNIQUE` (`UniqueID`);

--
-- Indexes for table `accountpaymentcardreceiptrecord`
--
ALTER TABLE `accountpaymentcardreceiptrecord`
  ADD PRIMARY KEY (`recordID`),
  ADD UNIQUE KEY `recordID_UNIQUE` (`recordID`);

--
-- Indexes for table `accountprepurchasedinforecord`
--
ALTER TABLE `accountprepurchasedinforecord`
  ADD PRIMARY KEY (`UniqueID`),
  ADD UNIQUE KEY `UniqueID_UNIQUE` (`UniqueID`);

--
-- Indexes for table `accountsubscriptionsbillinginforecord`
--
ALTER TABLE `accountsubscriptionsbillinginforecord`
  ADD PRIMARY KEY (`UniqueID`,`UserRegistry_UniqueID`,`AccountPrepurchasedInfoRecord_UniqueID1`),
  ADD UNIQUE KEY `UniqueID_UNIQUE` (`UniqueID`),
  ADD KEY `fk_AccountSubscriptionsBillingInfoRecord_UserRegistry1_idx` (`UserRegistry_UniqueID`),
  ADD KEY `fk_AccountSubscriptionsBillingInfoRecord_AccountPrepurchase_idx` (`AccountPrepurchasedInfoRecord_UniqueID1`),
  ADD KEY `fk_AccountSubscriptionsBillingInfoRecord_AccountExternalBil_idx` (`AccountExternalBillingInfoRecord_UniqueID`),
  ADD KEY `fk_AccountSubscriptionsBillingInfoRecord_AccountPaymentCard_idx` (`AccountPaymentCardReceiptRecord_recordID`);

--
-- Indexes for table `accountsubscriptionsrecord`
--
ALTER TABLE `accountsubscriptionsrecord`
  ADD PRIMARY KEY (`UniqueID`,`UserRegistry_UniqueID`),
  ADD UNIQUE KEY `UniqueID_UNIQUE` (`UniqueID`),
  ADD KEY `fk_AccountSubscriptionsRecord_UserRegistry1_idx` (`UserRegistry_UniqueID`),
  ADD KEY `fk_AccountSubscriptionsRecord_SteamSub_apps1_idx` (`SubscriptionID`);

--
-- Indexes for table `ccardtype`
--
ALTER TABLE `ccardtype`
  ADD PRIMARY KEY (`uniqueid`),
  ADD UNIQUE KEY `uniqueid_UNIQUE` (`uniqueid`);

--
-- Indexes for table `custsupportaccountrecord`
--
ALTER TABLE `custsupportaccountrecord`
  ADD PRIMARY KEY (`UniqueID`,`AccountSubscriptionsRecord_UniqueID`,`UserRegistry_UniqueID`),
  ADD UNIQUE KEY `UniqueID_UNIQUE` (`UniqueID`),
  ADD KEY `fk_CustSupportAccountRecord_AccountSubscriptionsRecord1_idx` (`AccountSubscriptionsRecord_UniqueID`),
  ADD KEY `fk_CustSupportAccountRecord_UserRegistry1_idx` (`UserRegistry_UniqueID`);

--
-- Indexes for table `derivedsubscribedappsrecord`
--
ALTER TABLE `derivedsubscribedappsrecord`
  ADD PRIMARY KEY (`UniqueID`),
  ADD UNIQUE KEY `UniqueID_UNIQUE` (`UniqueID`),
  ADD KEY `fk_DerivedSubscribedAppsRecord_UserRegistry1_idx` (`UserRegistry_UniqueID`);

--
-- Indexes for table `steamapplications`
--
ALTER TABLE `steamapplications`
  ADD PRIMARY KEY (`AppID`),
  ADD UNIQUE KEY `AppID_UNIQUE` (`AppID`),
  ADD KEY `AppID` (`AppID`);

--
-- Indexes for table `steamsubscriptions`
--
ALTER TABLE `steamsubscriptions`
  ADD PRIMARY KEY (`SubscriptionID`),
  ADD UNIQUE KEY `SubscriptionID_UNIQUE` (`SubscriptionID`);

--
-- Indexes for table `steamsub_apps`
--
ALTER TABLE `steamsub_apps`
  ADD PRIMARY KEY (`UniqueID`,`SteamSubscriptions_SubscriptionID`),
  ADD UNIQUE KEY `UniqueID_UNIQUE` (`UniqueID`);

--
-- Indexes for table `subscriptionstatus`
--
ALTER TABLE `subscriptionstatus`
  ADD PRIMARY KEY (`uniqueid`);

--
-- Indexes for table `userappaccessrightsrecord`
--
ALTER TABLE `userappaccessrightsrecord`
  ADD PRIMARY KEY (`UniqueID`,`UserRegistry_UniqueID`),
  ADD UNIQUE KEY `UniqueID_UNIQUE` (`UniqueID`),
  ADD KEY `fk_UserAppAccessRightsRecord_UserRegistry1_idx` (`UserRegistry_UniqueID`);

--
-- Indexes for table `userregistry`
--
ALTER TABLE `userregistry`
  ADD PRIMARY KEY (`UniqueID`),
  ADD UNIQUE KEY `UniqueID_UNIQUE` (`UniqueID`);

--
-- Indexes for table `vacrecord`
--
ALTER TABLE `vacrecord`
  ADD PRIMARY KEY (`UniqueID`),
  ADD UNIQUE KEY `UniqueID_UNIQUE` (`UniqueID`),
  ADD KEY `fk_VACRecord_CustSupportAccountRecord1_idx` (`CustSupportAccountRecord_UniqueID`);

--
-- AUTO_INCREMENT for dumped tables
--

--
-- AUTO_INCREMENT for table `accountexternalbillinginforecord`
--
ALTER TABLE `accountexternalbillinginforecord`
  MODIFY `UniqueID` int(11) NOT NULL AUTO_INCREMENT;

--
-- AUTO_INCREMENT for table `accountpaymentcardreceiptrecord`
--
ALTER TABLE `accountpaymentcardreceiptrecord`
  MODIFY `recordID` int(11) NOT NULL AUTO_INCREMENT;

--
-- AUTO_INCREMENT for table `accountprepurchasedinforecord`
--
ALTER TABLE `accountprepurchasedinforecord`
  MODIFY `UniqueID` int(11) NOT NULL AUTO_INCREMENT;

--
-- AUTO_INCREMENT for table `accountsubscriptionsbillinginforecord`
--
ALTER TABLE `accountsubscriptionsbillinginforecord`
  MODIFY `UniqueID` int(11) NOT NULL AUTO_INCREMENT;

--
-- AUTO_INCREMENT for table `accountsubscriptionsrecord`
--
ALTER TABLE `accountsubscriptionsrecord`
  MODIFY `UniqueID` int(11) NOT NULL AUTO_INCREMENT;

--
-- AUTO_INCREMENT for table `custsupportaccountrecord`
--
ALTER TABLE `custsupportaccountrecord`
  MODIFY `UniqueID` int(11) NOT NULL AUTO_INCREMENT;

--
-- AUTO_INCREMENT for table `derivedsubscribedappsrecord`
--
ALTER TABLE `derivedsubscribedappsrecord`
  MODIFY `UniqueID` int(11) NOT NULL AUTO_INCREMENT;

--
-- AUTO_INCREMENT for table `steamsub_apps`
--
ALTER TABLE `steamsub_apps`
  MODIFY `UniqueID` int(11) NOT NULL AUTO_INCREMENT, AUTO_INCREMENT=165;

--
-- AUTO_INCREMENT for table `subscriptionstatus`
--
ALTER TABLE `subscriptionstatus`
  MODIFY `uniqueid` int(11) NOT NULL AUTO_INCREMENT, AUTO_INCREMENT=33;

--
-- AUTO_INCREMENT for table `userappaccessrightsrecord`
--
ALTER TABLE `userappaccessrightsrecord`
  MODIFY `UniqueID` int(11) NOT NULL AUTO_INCREMENT;

--
-- AUTO_INCREMENT for table `userregistry`
--
ALTER TABLE `userregistry`
  MODIFY `UniqueID` int(11) NOT NULL AUTO_INCREMENT, AUTO_INCREMENT=2;

--
-- AUTO_INCREMENT for table `vacrecord`
--
ALTER TABLE `vacrecord`
  MODIFY `UniqueID` int(11) NOT NULL AUTO_INCREMENT;
COMMIT;

/*!40101 SET CHARACTER_SET_CLIENT=@OLD_CHARACTER_SET_CLIENT */;
/*!40101 SET CHARACTER_SET_RESULTS=@OLD_CHARACTER_SET_RESULTS */;
/*!40101 SET COLLATION_CONNECTION=@OLD_COLLATION_CONNECTION */;
